Id,Start,Name,Impact,Currency
be36572c-0dbf-4b11-aca1-bf854160ba4a,01/03/2020 13:00:00,Harmonized Index of Consumer Prices (YoY),HIGH,EUR
5b125588-01ca-4aca-a365-8902ef7839f1,01/03/2020 15:00:00,ISM Manufacturing PMI,HIGH,USD
3fa72395-467b-48b9-b0a3-29529d398237,01/03/2020 19:00:00,FOMC Minutes,HIGH,USD
2d6440df-69b8-4322-b175-002ae17088e3,01/07/2020 10:00:00,Core Harmonized Index of Consumer Prices (YoY),HIGH,EUR
9671cb3a-f6d0-4192-a982-ac67e5c08304,01/07/2020 10:00:00,Harmonized Index of Consumer Prices (YoY),HIGH,EUR
61b73587-20eb-4300-b019-008603aab00b,01/07/2020 15:00:00,ISM Services PMI,HIGH,USD
a6ac24d9-e0a4-4883-ac64-9ca04cb226bd,01/10/2020 13:30:00,Average Hourly Earnings (YoY),HIGH,USD
25bc356b-32af-46f5-931f-a73a3e242229,01/10/2020 13:30:00,Nonfarm Payrolls,HIGH,USD
0bb5ff56-9686-4971-9c2f-29e1d60af6a4,01/14/2020 13:30:00,Consumer Price Index ex Food & Energy (MoM),HIGH,USD
db3c4845-fc93-4f24-a4b6-f82d3f69b985,01/14/2020 13:30:00,Consumer Price Index ex Food & Energy (YoY),HIGH,USD
57f3242b-7c55-4ccb-b936-8098467c5ce7,01/16/2020 07:00:00,Harmonized Index of Consumer Prices (YoY),HIGH,EUR
b2fa30df-6215-48eb-9ead-3bbe2a0bbed0,01/16/2020 12:30:00,ECB Monetary Policy Meeting Accounts,HIGH,EUR
2f601fb5-2315-441d-b5cb-17ccd17f664f,01/16/2020 18:00:00,ECB's President Lagarde speech,HIGH,EUR
ab4ac19c-0f69-4384-bc16-4a9d35837ba0,01/20/2020 18:30:00,ECB's President Lagarde speech,HIGH,EUR
6e608cac-7fbf-47a8-b1ac-f8d2c5445bb3,01/21/2020 09:00:00,ECB Bank Lending Survey,HIGH,EUR
cf24b65c-7c17-4811-9aed-8e2af9ab0bdb,01/21/2020 10:00:00,ZEW Survey – Economic Sentiment,HIGH,EUR
66546006-2a29-47b9-a618-5b630247ef95,01/23/2020 12:45:00,ECB Main Refinancing Operations Rate,HIGH,EUR
7b12d24a-29ef-4df4-8622-ecd05a3162b0,01/23/2020 12:45:00,ECB Rate On Deposit Facility,HIGH,EUR
2614bb74-e02d-49f8-b938-04567d06b053,01/23/2020 13:30:00,ECB Press Conference,HIGH,EUR
d6325e0f-f0af-43ea-ba8a-6e5da7d4b42f,01/24/2020 08:30:00,HCOB Composite PMI,HIGH,EUR
f6f3e4b1-43a1-4d16-87a9-b8787bdb212d,01/24/2020 08:30:00,HCOB Manufacturing PMI,HIGH,EUR
b3ca2c64-b028-4364-97fa-3bd39d82755b,01/24/2020 09:00:00,HCOB Composite PMI,HIGH,EUR
712f8d23-1a13-4163-b11f-bbb47a83d39e,01/24/2020 10:30:00,ECB's President Lagarde speech,HIGH,EUR
da69e2c8-b39c-441a-9422-1f9c9c41007f,01/28/2020 13:30:00,Nondefense Capital Goods Orders ex Aircraft,HIGH,USD
088a324d-7e8c-4c41-951f-adb4cb7d9b09,01/29/2020 19:00:00,Fed Interest Rate Decision,HIGH,USD
0a39e563-e8fe-406a-9c08-908d9edccd82,01/29/2020 19:30:00,FOMC Press Conference,HIGH,USD
ec43303f-4b43-4617-b2be-c5ff4eed2171,01/30/2020 13:00:00,Harmonized Index of Consumer Prices (YoY),HIGH,EUR
36ae7ee6-45fc-4f10-9160-0eb8adc568e1,01/30/2020 13:30:00,Gross Domestic Product Annualized,HIGH,USD
b89161d3-091c-4bc0-9b23-bd510f82aabc,01/31/2020 10:00:00,Core Harmonized Index of Consumer Prices (YoY),HIGH,EUR
01e93d60-086d-41eb-b2ff-3bd2025e8e6b,01/31/2020 10:00:00,Gross Domestic Product s.a. (QoQ),HIGH,EUR
43339a4e-6097-473e-be76-51bb6678be02,01/31/2020 10:00:00,Gross Domestic Product s.a. (YoY),HIGH,EUR
7752f1cc-a1ce-4e9c-9900-43b6e5a9387c,01/31/2020 10:00:00,Harmonized Index of Consumer Prices (YoY),HIGH,EUR
ed0c6307-b5a7-46c6-88bb-d60ab7d8dafe,02/03/2020 15:00:00,ISM Manufacturing PMI,HIGH,USD
f1f36445-315d-4339-b365-b83d54aea9d2,02/05/2020 12:15:00,ECB's President Lagarde speech,HIGH,EUR
edb0b490-d67f-4b26-82b7-6162bb78b924,02/05/2020 15:00:00,ISM Services PMI,HIGH,USD
ff708974-b0a6-4114-95e9-3f95c31bd4fe,02/06/2020 08:00:00,ECB's President Lagarde speech,HIGH,EUR
b92f5e6a-b5c7-4db9-a613-9bfcd642c5a1,02/07/2020 13:30:00,Average Hourly Earnings (YoY),HIGH,USD
65a3ab28-7c5f-4fb4-ab1c-ba08a0be516f,02/07/2020 13:30:00,Nonfarm Payrolls,HIGH,USD
45e3bdbf-650f-4433-b737-b26ffe1615e8,02/11/2020 14:00:00,ECB's President Lagarde speech,HIGH,EUR
5c6a9f9b-b38f-4ff1-94b1-07b3a85d3dd0,02/11/2020 15:00:00,Fed's Chair Powell testifies,HIGH,USD
fd7cd57b-9aee-4f50-a410-9d01a3090083,02/12/2020 14:30:00,Fed's Chair Powell testifies,HIGH,USD
930427a8-3471-4237-aefb-16d4147c4ba5,02/13/2020 07:00:00,Harmonized Index of Consumer Prices (YoY),HIGH,EUR
696c8232-b1ca-4ccd-a0e7-e2bce15f13f2,02/13/2020 13:30:00,Consumer Price Index ex Food & Energy (MoM),HIGH,USD
118833de-84e2-4ebf-8b17-d66c4f5ded65,02/13/2020 13:30:00,Consumer Price Index ex Food & Energy (YoY),HIGH,USD
773bb2a7-c017-4b86-9476-b737bccfa436,02/14/2020 07:00:00,Gross Domestic Product (QoQ),HIGH,EUR
d70da135-c815-476c-bf7f-e6afbe06b4f4,02/14/2020 10:00:00,Gross Domestic Product s.a. (QoQ),HIGH,EUR
957473dc-c17a-44f4-96f7-271706378f90,02/14/2020 10:00:00,Gross Domestic Product s.a. (YoY),HIGH,EUR
be83909e-1d4d-488e-a407-2ec68a8cf7c5,02/18/2020 10:00:00,ZEW Survey – Economic Sentiment,HIGH,EUR
03c4546b-45bd-4d1b-b9f5-d0af5f0c7b40,02/19/2020 19:00:00,FOMC Minutes,HIGH,USD
77acba5d-682e-4a16-8832-4a0ad174219e,02/20/2020 12:30:00,ECB Monetary Policy Meeting Accounts,HIGH,EUR
41140d39-40dc-4c82-b0e9-6d5bfdfa2f6b,02/21/2020 08:30:00,HCOB Composite PMI,HIGH,EUR
1985931c-c16c-43cf-97f7-b50f2d012fa4,02/21/2020 08:30:00,HCOB Manufacturing PMI,HIGH,EUR
04c64762-f210-4194-8f9b-615381da3784,02/21/2020 09:00:00,HCOB Composite PMI,HIGH,EUR
fc67ca12-e4f6-4db6-8a46-b9173be88825,02/26/2020 13:30:00,ECB's President Lagarde speech,HIGH,EUR
ff446fb9-0925-429e-9513-6bcb1c8b4b34,02/27/2020 09:45:00,ECB's President Lagarde speech,HIGH,EUR
4ad075f4-1498-4bff-b093-70d5709813b9,02/27/2020 13:30:00,Gross Domestic Product Annualized,HIGH,USD
9d0e958a-fd61-4fae-8fc1-2f8be5b90094,02/27/2020 13:30:00,Nondefense Capital Goods Orders ex Aircraft,HIGH,USD
10cd72fe-3d8f-4e62-b8f1-6d7776d7cd62,02/28/2020 13:00:00,Harmonized Index of Consumer Prices (YoY),HIGH,EUR
fe709024-e8ba-48bd-9f7e-b89c0d0b4400,03/02/2020 15:00:00,ISM Manufacturing PMI,HIGH,USD
c8245000-579c-481e-884d-b698ab7ea087,03/03/2020 10:00:00,Core Harmonized Index of Consumer Prices (YoY),HIGH,EUR
f64b89e9-c125-402a-94ae-229a703c9047,03/03/2020 10:00:00,Harmonized Index of Consumer Prices (YoY),HIGH,EUR
73b0a4a1-f2bd-45ee-ab71-541218ac57c2,03/03/2020 15:00:00,Fed Interest Rate Decision,HIGH,USD
3098f11e-9a10-455c-bdc7-5e5835d6642a,03/03/2020 16:00:00,FOMC Press Conference,HIGH,USD
57d35945-2573-468e-af8e-f9434ea465bf,03/04/2020 15:00:00,ISM Services PMI,HIGH,USD
8de9bb82-c07a-4509-86d4-39b8a6502d0b,03/06/2020 13:30:00,Average Hourly Earnings (YoY),HIGH,USD
5db70ce0-a3cc-49d7-952c-926f05979d4d,03/06/2020 13:30:00,Nonfarm Payrolls,HIGH,USD
306c4da0-0eef-44ae-90cf-daeba99b65e4,03/10/2020 10:00:00,Gross Domestic Product s.a. (QoQ),HIGH,EUR
cb507e2a-2bd3-4b8d-9eb0-64884d184da6,03/10/2020 10:00:00,Gross Domestic Product s.a. (YoY),HIGH,EUR
68dfb772-a555-4a40-bd48-ba162085e522,03/11/2020 12:30:00,Consumer Price Index ex Food & Energy (MoM),HIGH,USD
9733735a-7b73-41d1-97bb-f8eab237c7d4,03/11/2020 12:30:00,Consumer Price Index ex Food & Energy (YoY),HIGH,USD
d7dea3b3-0aa8-434b-960c-87a5d3795160,03/12/2020 12:45:00,ECB Main Refinancing Operations Rate,HIGH,EUR
3b076250-e8cb-4e9a-b6c6-0e3f7d13aa35,03/12/2020 12:45:00,ECB Rate On Deposit Facility,HIGH,EUR
d3d8cf36-edcf-4b3d-b6e3-3434ae79e569,03/12/2020 13:30:00,ECB Press Conference,HIGH,EUR
46d6399f-22cc-4367-b827-a668c084f75c,03/13/2020 07:00:00,Harmonized Index of Consumer Prices (YoY),HIGH,EUR
c3d37bbf-655e-4ed1-bdca-f97842d38b79,03/15/2020 21:00:00,Fed Interest Rate Decision,HIGH,USD
2754324f-2a1c-4a47-af18-52a9513a9f82,03/15/2020 21:00:00,Fed Monetary Policy Statement,HIGH,USD
6e40ae90-e5b9-4080-a2b3-06822d741f97,03/15/2020 22:30:00,Fed's Chair Powell speech,HIGH,USD
dc53510c-88a6-4a74-a4c8-5ffac6f3c64f,03/17/2020 10:00:00,ZEW Survey – Economic Sentiment,HIGH,EUR
b9eaf040-acf8-49ca-aea3-e7085dab0285,03/19/2020 12:30:00,Initial Jobless Claims,HIGH,USD
e2792551-7cb2-4ffb-b5f4-cb5467fc0f69,03/24/2020 08:30:00,HCOB Composite PMI,HIGH,EUR
d6f7ba4f-33c4-43db-99d8-c7170f8c4193,03/24/2020 08:30:00,HCOB Manufacturing PMI,HIGH,EUR
3df47645-1cf5-4878-bb6f-80ba072e4aa7,03/24/2020 09:00:00,HCOB Composite PMI,HIGH,EUR
49187c7d-aacd-480e-954b-2e133f732177,03/24/2020 13:45:00,S&P Global Composite PMI,HIGH,USD
4287fec2-6055-4da1-8f61-63d0aa56b96d,03/24/2020 13:45:00,S&P Global Manufacturing PMI,HIGH,USD
d6dec984-2528-4ba1-9a69-06cd9dac283c,03/24/2020 13:45:00,S&P Global Services PMI,HIGH,USD
97e07277-cc62-476e-be62-823ff89a50ea,03/25/2020 12:30:00,Nondefense Capital Goods Orders ex Aircraft,HIGH,USD
0d745b51-d557-4f59-a2c8-ad41d30f7c21,03/26/2020 11:05:00,Fed's Chair Powell speech,HIGH,USD
f6519037-6b15-491d-b2f2-aa2600035628,03/26/2020 12:30:00,Gross Domestic Product Annualized,HIGH,USD
51c85f17-cd7c-4a09-9803-67b9bb56980a,03/26/2020 12:30:00,Initial Jobless Claims,HIGH,USD
ebf3ad2d-27f0-4e9d-8669-75f55309d125,03/30/2020 12:00:00,Harmonized Index of Consumer Prices (YoY),HIGH,EUR
3c94059f-986c-43b6-b1e9-31dd0aa29e4e,03/31/2020 07:55:00,Unemployment Change,HIGH,EUR
afab264b-7330-48ea-8493-678e835e7810,03/31/2020 07:55:00,Unemployment Rate s.a.,HIGH,EUR
0c28395a-67ef-4e0d-903c-7d929f772202,03/31/2020 09:00:00,Core Harmonized Index of Consumer Prices (YoY),HIGH,EUR
574c5964-1827-4851-ac40-528d93f63e84,03/31/2020 09:00:00,Harmonized Index of Consumer Prices (YoY),HIGH,EUR
b7150ebb-6666-49a1-9dec-7face875184b,04/01/2020 12:15:00,ADP Employment Change,HIGH,USD
a87060d7-9c83-4f1b-afc2-8fde7f428100,04/01/2020 14:00:00,ISM Manufacturing PMI,HIGH,USD
4ac84ae7-ab2b-45e5-bf01-bd2e78a5e15c,04/02/2020 12:30:00,Initial Jobless Claims,HIGH,USD
93f61fed-19ae-4459-88d8-cf9a615ef099,04/03/2020 12:30:00,Average Hourly Earnings (YoY),HIGH,USD
a51b50b0-401a-4264-ac03-94abb9c09dc3,04/03/2020 12:30:00,Nonfarm Payrolls,HIGH,USD
8ee11977-da92-4d06-a5c5-e77512d66583,04/03/2020 14:00:00,ISM Services Employment Index,HIGH,USD
9e5a113d-9f75-46f4-a32a-12d2ed60b593,04/03/2020 14:00:00,ISM Services PMI,HIGH,USD
3827d753-f31e-43f5-87f3-ae2cc52abcb4,04/08/2020 18:00:00,FOMC Minutes,HIGH,USD
f0550571-38c1-42b6-8673-1fcefe059743,04/09/2020 11:30:00,ECB Monetary Policy Meeting Accounts,HIGH,EUR
7afddc01-73e8-40a1-8fbf-691e9f8eeeb1,04/09/2020 12:30:00,Initial Jobless Claims,HIGH,USD
81e0c44f-4c1f-4adf-9a9a-4d6405849972,04/09/2020 14:00:00,Fed's Chair Powell speech,HIGH,USD
c2fb278a-8749-4358-bf43-274346427bbc,04/10/2020 12:30:00,Consumer Price Index ex Food & Energy (MoM),HIGH,USD
4c88be4d-3676-45e0-9d71-6607f8567ca1,04/10/2020 12:30:00,Consumer Price Index ex Food & Energy (YoY),HIGH,USD
02cbb675-a395-4a23-af0f-a29b95b9c74c,04/16/2020 06:00:00,Harmonized Index of Consumer Prices (YoY),HIGH,EUR
ed829115-d57c-4254-96b9-66c59424d50a,04/16/2020 12:30:00,Initial Jobless Claims,HIGH,USD
a72538f6-58e5-4bc4-a2ae-5f5682f26fe2,04/21/2020 09:00:00,ZEW Survey – Economic Sentiment,HIGH,EUR
2951ee45-32bd-452a-8b93-7e41d9ab59b2,04/23/2020 07:30:00,HCOB Composite PMI,HIGH,EUR
f104990e-d881-4b4f-95c4-fed3f8082c10,04/23/2020 07:30:00,HCOB Manufacturing PMI,HIGH,EUR
3811d181-0a6d-44ba-a104-a3554b86c9ce,04/23/2020 08:00:00,HCOB Composite PMI,HIGH,EUR
32b773a7-8fae-4f13-90b1-645d337b5921,04/23/2020 12:30:00,Initial Jobless Claims,HIGH,USD
661a1154-ea0d-4f71-b523-5081c9d9454a,04/24/2020 12:30:00,Nondefense Capital Goods Orders ex Aircraft,HIGH,USD
338f0b5b-0919-4736-add9-dd10b1422fcd,04/28/2020 08:00:00,ECB Bank Lending Survey,HIGH,EUR
11a4b1e4-2048-43a4-aa1b-51b58b725b58,04/29/2020 12:00:00,Harmonized Index of Consumer Prices (YoY),HIGH,EUR
a8e01b9a-e156-4556-925d-50b55ace3037,04/29/2020 12:30:00,Gross Domestic Product Annualized,HIGH,USD
05058e77-e5f5-4a5f-88be-ec6e8ff59f03,04/29/2020 18:00:00,Fed Interest Rate Decision,HIGH,USD
d4d5364c-2820-4411-a320-2b2d520ad10e,04/29/2020 18:30:00,FOMC Press Conference,HIGH,USD
952bf48e-6bdc-42ad-81f4-882c36416ec3,04/30/2020 07:55:00,Unemployment Change,HIGH,EUR
2df42b58-64d6-45e4-b8de-baade5f3b508,04/30/2020 07:55:00,Unemployment Rate s.a.,HIGH,EUR
45f335b9-2001-4cb1-a901-891b8bc65d36,04/30/2020 09:00:00,Core Harmonized Index of Consumer Prices (YoY),HIGH,EUR
87d84b9d-f5cc-45ea-b73b-14da81e5369f,04/30/2020 09:00:00,Gross Domestic Product s.a. (QoQ),HIGH,EUR
1d548e7b-d2eb-4813-9a51-3a65f0eb21de,04/30/2020 09:00:00,Gross Domestic Product s.a. (YoY),HIGH,EUR
4b14b139-63ae-448c-8ba0-8f6ef935289c,04/30/2020 09:00:00,Harmonized Index of Consumer Prices (YoY),HIGH,EUR
7a489092-cd12-48b5-a6b3-eb2a44952738,04/30/2020 09:00:00,Unemployment Rate,HIGH,EUR
0e9ff65e-4e87-4651-9976-a690b8ba139f,04/30/2020 11:45:00,ECB Main Refinancing Operations Rate,HIGH,EUR
d3043642-fd21-4251-823d-e8c6152d62a7,04/30/2020 11:45:00,ECB Rate On Deposit Facility,HIGH,EUR
afade3ed-18ac-46ae-8ced-67e2c644417e,04/30/2020 12:30:00,ECB Press Conference,HIGH,EUR
13bde909-2a38-4a9e-beaf-05f26d249411,04/30/2020 12:30:00,Initial Jobless Claims,HIGH,USD
97a0222f-5312-4ca3-b196-b424afe8f6de,05/01/2020 14:00:00,ISM Manufacturing PMI,HIGH,USD
52333eca-9753-4c35-8add-55388065542c,05/05/2020 14:00:00,ISM Services Employment Index,HIGH,USD
8dca8d61-33d4-4b6a-9a0f-776e0df6d926,05/05/2020 14:00:00,ISM Services PMI,HIGH,USD
6ac0681c-4732-4ab8-b4cc-c6920891e0bf,05/06/2020 12:15:00,ADP Employment Change,HIGH,USD
0d33686b-59cc-4eaa-9b37-43668c1a81b9,05/07/2020 12:30:00,Initial Jobless Claims,HIGH,USD
9b9d1d64-2def-48e8-9c9d-04b1746e636e,05/08/2020 11:00:00,ECB's President Lagarde speech,HIGH,EUR
cb097a3e-6e4a-4bc0-9404-e672eb037b2b,05/08/2020 12:30:00,Average Hourly Earnings (YoY),HIGH,USD
37098859-b307-4ff2-9315-08d499b52215,05/08/2020 12:30:00,Nonfarm Payrolls,HIGH,USD
504a85b1-2be4-4107-9f30-20b4c4b03910,05/12/2020 12:30:00,Consumer Price Index ex Food & Energy (MoM),HIGH,USD
9c264072-1579-4e69-b7e3-c4eea105ea2c,05/12/2020 12:30:00,Consumer Price Index ex Food & Energy (YoY),HIGH,USD
ea810d46-4b5d-472b-a102-9dc71a580319,05/13/2020 13:00:00,Fed's Chair Powell speech,HIGH,USD
afd31127-4bc0-4a23-92e7-5f0085f8f6dd,05/14/2020 06:00:00,Harmonized Index of Consumer Prices (YoY),HIGH,EUR
81a7ed13-be2e-4234-aef4-37b5b6b842a4,05/14/2020 12:30:00,Initial Jobless Claims,HIGH,USD
8baa0867-9a75-4bec-82eb-0dee84ce5748,05/15/2020 08:00:11,Gross Domestic Product (QoQ),HIGH,EUR
1f87e505-4b22-4585-9b55-2745cadedfb2,05/15/2020 09:00:00,Gross Domestic Product s.a. (QoQ),HIGH,EUR
06e06c8a-88c2-472d-8a62-0ac842698a34,05/15/2020 09:00:00,Gross Domestic Product s.a. (YoY),HIGH,EUR
2c1f4553-a962-4185-bf5d-f1353ff1bf3d,05/19/2020 09:00:00,ZEW Survey – Economic Sentiment,HIGH,EUR
be17a58c-3bd7-4a4d-b84b-2cf325cf835d,05/19/2020 14:00:00,Fed's Chair Powell testifies,HIGH,USD
1d94c468-0f4e-49d3-92d2-ff6b01c7072f,05/20/2020 18:00:00,FOMC Minutes,HIGH,USD
9f84c508-2b9f-4b08-b9f0-e93107253e20,05/21/2020 07:30:00,HCOB Composite PMI,HIGH,EUR
509a71ce-5103-4ab6-bb5f-cbd2cdffb270,05/21/2020 07:30:00,HCOB Manufacturing PMI,HIGH,EUR
26434d49-d60d-4525-a3eb-debffb5ff2f9,05/21/2020 08:00:00,HCOB Composite PMI,HIGH,EUR
91daa632-2648-4df3-8c63-cb9ed2856323,05/21/2020 12:30:00,Initial Jobless Claims,HIGH,USD
e8392c03-3429-4174-88a6-3f37b5ede515,05/21/2020 18:30:00,Fed's Chair Powell speech,HIGH,USD
7c893988-70f0-487d-8ddd-73b626613661,05/22/2020 11:30:00,ECB Monetary Policy Meeting Accounts,HIGH,EUR
267ca4b4-3266-4f07-ae7c-152580f7b9db,05/27/2020 07:30:00,ECB's President Lagarde speech,HIGH,EUR
b2478c62-9e40-4bb9-9c8b-ad6960653c7c,05/28/2020 12:00:00,Harmonized Index of Consumer Prices (YoY),HIGH,EUR
d965241e-8e8b-4214-98e5-b997eba1114c,05/28/2020 12:30:00,Gross Domestic Product Annualized,HIGH,USD
5d58414a-2ef4-4c54-a0a8-a506e32bb6e4,05/28/2020 12:30:00,Initial Jobless Claims,HIGH,USD
17f962f7-fcc9-4e30-8416-dbd961cde56d,05/28/2020 12:30:00,Nondefense Capital Goods Orders ex Aircraft,HIGH,USD
997dcb22-b3cb-4715-bc2f-b5f03dc5433c,05/29/2020 09:00:00,Core Harmonized Index of Consumer Prices (YoY),HIGH,EUR
f486d6c7-eeda-4199-b330-6a8f76f427a7,05/29/2020 09:00:00,Harmonized Index of Consumer Prices (YoY),HIGH,EUR
4bbbc76b-dc7b-466d-bd6c-f892d3285d71,05/29/2020 15:00:00,Fed's Chair Powell speech,HIGH,USD
56c02e01-39d7-47b6-921c-70a7ffdac7d0,06/01/2020 14:00:00,ISM Manufacturing PMI,HIGH,USD
b9a83b7e-06c7-4ccc-aac7-f391fca89914,06/03/2020 07:55:00,Unemployment Change,HIGH,EUR
08cb78dc-df1f-4d26-a0a9-378637192ec5,06/03/2020 07:55:00,Unemployment Rate s.a.,HIGH,EUR
6a05c1e1-d621-488e-95ad-0f3204fef0be,06/03/2020 09:00:00,Unemployment Rate,HIGH,EUR
40874929-78fb-4dec-b158-f9053477bbaf,06/03/2020 12:15:00,ADP Employment Change,HIGH,USD
bfc52eea-6c69-4c8a-8a5e-ee84d021b190,06/03/2020 14:00:00,ISM Services Employment Index,HIGH,USD
d2d1dd96-11ba-457a-bc12-4134e1e5c336,06/03/2020 14:00:00,ISM Services PMI,HIGH,USD
e37cc5e5-4c6d-4f68-8185-579b11bb0a1c,06/04/2020 11:45:00,ECB Main Refinancing Operations Rate,HIGH,EUR
136b76fd-29d7-4b4c-8901-3209534504ea,06/04/2020 11:45:00,ECB Rate On Deposit Facility,HIGH,EUR
38631928-db94-43f3-af6c-3719a872b4c9,06/04/2020 12:30:00,ECB Press Conference,HIGH,EUR
2793202f-7cdf-4d29-b2c5-15712e85e85b,06/04/2020 12:30:00,Initial Jobless Claims,HIGH,USD
600ef7fe-6c3a-46e1-bef0-8728c6a57e3f,06/05/2020 12:30:00,Average Hourly Earnings (YoY),HIGH,USD
8a5e602b-4fc9-484b-bb86-496094ba7ae4,06/05/2020 12:30:00,Nonfarm Payrolls,HIGH,USD
48e93673-899d-47d8-85e5-7c69d6bd43de,06/08/2020 13:45:00,ECB's President Lagarde speech,HIGH,EUR
24a63d34-02be-4918-b3ac-a293add39cbc,06/08/2020 15:45:00,ECB's President Lagarde speech,HIGH,EUR
a20281d9-e2d5-4829-b425-709157154cd9,06/09/2020 09:00:00,Gross Domestic Product s.a. (QoQ),HIGH,EUR
5e802f6c-d078-4ab2-930d-ff8e7fb0c371,06/09/2020 09:00:00,Gross Domestic Product s.a. (YoY),HIGH,EUR
2e58750f-6052-4c98-afbb-7a2d7144ff9c,06/10/2020 12:30:00,Consumer Price Index ex Food & Energy (MoM),HIGH,USD
40458d2e-3184-4134-9c0f-2314b195035e,06/10/2020 12:30:00,Consumer Price Index ex Food & Energy (YoY),HIGH,USD
67f0c2d4-e0c0-44d8-aa0d-ec6c89fce5a1,06/10/2020 18:00:00,Fed Interest Rate Decision,HIGH,USD
2ae2b206-d900-4def-8532-4588535a64ef,06/10/2020 18:00:00,Fed Monetary Policy Statement,HIGH,USD
ca1414ef-f49d-4bfe-a184-0ba53467bceb,06/10/2020 18:00:00,FOMC Economic Projections,HIGH,USD
740d5291-0370-48e6-b480-64eb25a85d16,06/10/2020 18:00:00,Interest Rate Projections - 1st year,HIGH,USD
e9a1ef42-0df8-4170-85a8-dd900cf9d5a0,06/10/2020 18:00:00,Interest Rate Projections - 2nd year,HIGH,USD
2ae2f012-5729-4229-9db4-c184cf19425a,06/10/2020 18:00:00,Interest Rate Projections - Current,HIGH,USD
3429e279-1895-4871-853f-011c7e378f28,06/10/2020 18:00:00,Interest Rate Projections - Longer,HIGH,USD
ecdc6b6b-291d-43c0-8785-df298ff9a6f3,06/10/2020 18:30:00,FOMC Press Conference,HIGH,USD
71467750-c33a-40bb-ac24-5fa311063483,06/11/2020 12:30:00,Initial Jobless Claims,HIGH,USD
9748faf5-1344-47ba-b179-1a407f3305fb,06/16/2020 06:00:00,Harmonized Index of Consumer Prices (YoY),HIGH,EUR
39009a76-ffe8-40df-82d7-351dc88fe632,06/16/2020 09:00:00,ZEW Survey – Economic Sentiment,HIGH,EUR
c003f1e6-3ab4-4298-9d55-a8f8fcbb66ad,06/16/2020 14:00:00,Fed's Chair Powell testifies,HIGH,USD
7fdd5ac2-0c88-41b6-ac04-3a0f1b484463,06/17/2020 16:00:00,Fed's Chair Powell testifies,HIGH,USD
135abe2e-b8d1-48c1-8b28-423ed19cdab6,06/18/2020 12:30:00,Initial Jobless Claims,HIGH,USD
ae32547b-341a-4c44-908f-4fd1086f2f61,06/19/2020 17:00:00,Fed's Chair Powell speech,HIGH,USD
878796e5-89e3-4a68-b407-0479b80ec86f,06/23/2020 07:30:00,HCOB Composite PMI,HIGH,EUR
9fe070b3-3c53-426a-8823-46c8f68fa570,06/23/2020 07:30:00,HCOB Manufacturing PMI,HIGH,EUR
5f6eaa80-cdf5-40df-8e2d-517687a8a815,06/23/2020 08:00:00,HCOB Composite PMI,HIGH,EUR
def89717-4e3d-45fa-8e12-141307f55071,06/25/2020 11:30:00,ECB Monetary Policy Meeting Accounts,HIGH,EUR
eb664164-15b3-45aa-a79f-3ad358016438,06/25/2020 12:30:00,Gross Domestic Product Annualized,HIGH,USD
bd76531f-e27f-4699-9b6b-eefeed6e38c3,06/25/2020 12:30:00,Initial Jobless Claims,HIGH,USD
30a29799-5636-41d1-93cd-188c7a0d4876,06/25/2020 12:30:00,Nondefense Capital Goods Orders ex Aircraft,HIGH,USD
38c52873-2fea-4c49-a84f-054dd3fbe29e,06/25/2020 20:30:00,Bank Stress Test Results,HIGH,USD
751f982b-88db-4122-8820-f4b81973986e,06/26/2020 07:00:00,ECB's President Lagarde speech,HIGH,EUR
086b4baf-1cec-4e08-9a53-fcc51b8f6184,06/29/2020 12:00:00,Harmonized Index of Consumer Prices (YoY),HIGH,EUR
8e046653-d8f5-429f-a616-ba4475461d29,06/30/2020 09:00:00,Core Harmonized Index of Consumer Prices (YoY),HIGH,EUR
5c4f20fd-c57a-4154-8e22-8a0802ee59f2,06/30/2020 09:00:00,Harmonized Index of Consumer Prices (YoY),HIGH,EUR
2c1cd0a5-0b8d-45b6-b573-acd075ba7384,06/30/2020 16:30:00,Fed's Chair Powell testifies,HIGH,USD
31aa87a1-d254-4037-a81e-e9dc84e48b01,07/01/2020 07:55:00,Unemployment Change,HIGH,EUR
13825651-0867-4feb-9e32-ace3bdc40efe,07/01/2020 07:55:00,Unemployment Rate s.a.,HIGH,EUR
fb27322f-19c2-40a2-8597-0745f9412c6e,07/01/2020 12:15:00,ADP Employment Change,HIGH,USD
0196d3b0-141e-49d5-8973-fc47ca349e26,07/01/2020 14:00:00,ISM Manufacturing PMI,HIGH,USD
8ef648e7-b5d1-496c-ba18-a07500e35df6,07/01/2020 18:00:00,FOMC Minutes,HIGH,USD
286ce853-a770-46df-bd6e-3f630854b5d6,07/02/2020 12:30:00,Average Hourly Earnings (YoY),HIGH,USD
a3c9becb-f5ff-4650-bc5a-d1bcf8bd95de,07/02/2020 12:30:00,Nonfarm Payrolls,HIGH,USD
8f5f5604-cf84-48f5-b96b-72a800792a0c,07/04/2020 10:40:00,ECB's President Lagarde speech,HIGH,EUR
67c1c090-8e0b-4e22-9677-33d24fbebb84,07/06/2020 14:00:00,ISM Services PMI,HIGH,USD
a48e8aa1-5d04-43f2-9aa4-0b933c25c549,07/14/2020 06:00:00,Harmonized Index of Consumer Prices (YoY),HIGH,EUR
874af6b3-537c-47af-aab6-74f78ecd0d18,07/14/2020 08:00:00,ECB Bank Lending Survey,HIGH,EUR
77e9e0b3-528b-4c8c-9d23-fe663af8684e,07/14/2020 09:00:00,ZEW Survey – Economic Sentiment,HIGH,EUR
b3cc29b9-9893-4f5b-8485-40ed5bb86661,07/14/2020 12:30:00,Consumer Price Index ex Food & Energy (MoM),HIGH,USD
6218ec91-9fb3-413c-91a3-e4f24bc60035,07/14/2020 12:30:00,Consumer Price Index ex Food & Energy (YoY),HIGH,USD
7e357c9d-e995-48a0-a260-112884c82434,07/16/2020 11:45:00,ECB Main Refinancing Operations Rate,HIGH,EUR
1f6443f4-7627-43c1-b87a-1e451c34f96d,07/16/2020 11:45:00,ECB Rate On Deposit Facility,HIGH,EUR
169de492-1430-4c95-88cb-3c964581dd1c,07/16/2020 12:30:00,ECB Press Conference,HIGH,EUR
f6fd6d8f-a11c-4a65-8b6b-a5783da45d6b,07/22/2020 13:15:00,ECB's President Lagarde speech,HIGH,EUR
1a093418-1904-4ea6-98c1-1bde89a2d7f2,07/24/2020 07:30:00,HCOB Composite PMI,HIGH,EUR
d7396f6d-4e74-486f-b63e-1d3cbee438a6,07/24/2020 07:30:00,HCOB Manufacturing PMI,HIGH,EUR
f8cb6a99-07a8-48a1-a0ef-4f20941e5474,07/24/2020 08:00:00,HCOB Composite PMI,HIGH,EUR
a1b78dd9-2b87-4928-b842-c5f5ed1a4e1c,07/27/2020 12:30:00,Durable Goods Orders,HIGH,USD
ae0ea800-a943-4a58-9193-f83ce5261662,07/27/2020 12:30:00,Nondefense Capital Goods Orders ex Aircraft,HIGH,USD
b7ac6ad2-b73a-4b5d-89a6-587257d3bda0,07/29/2020 18:00:00,Fed Interest Rate Decision,HIGH,USD
402e692d-b9ba-47fd-923d-0b45ddac1ee5,07/29/2020 18:00:00,Fed Monetary Policy Statement,HIGH,USD
abcfc97d-4953-4538-86ce-3ebfd9121092,07/29/2020 18:30:00,FOMC Press Conference,HIGH,USD
cea15cc6-3453-47c0-a478-151d80255964,07/30/2020 08:00:00,Gross Domestic Product (QoQ),HIGH,EUR
8f8949a1-bdca-431d-ad8a-387d025ea2dd,07/30/2020 12:00:00,Harmonized Index of Consumer Prices (YoY),HIGH,EUR
ef77fcc7-48f1-4ebc-b35d-50e426856345,07/30/2020 12:30:00,Gross Domestic Product Annualized,HIGH,USD
b5292856-57ed-46df-9752-0cf6ea7c42cd,07/31/2020 09:00:00,Core Harmonized Index of Consumer Prices (YoY),HIGH,EUR
aa801ac3-8745-4352-a1f2-143f1d530693,07/31/2020 09:00:00,Gross Domestic Product s.a. (QoQ),HIGH,EUR
80ef4c16-8ae4-4a52-ad71-ed6d4e755006,07/31/2020 09:00:00,Gross Domestic Product s.a. (YoY),HIGH,EUR
c76142de-83fb-4902-aac1-d9934fc26529,07/31/2020 09:00:00,Harmonized Index of Consumer Prices (YoY),HIGH,EUR
131a173e-c923-45f1-841b-ff0137c58d18,08/03/2020 14:00:00,ISM Manufacturing PMI,HIGH,USD
1bce1d2a-633c-4315-969a-ba70e7251f60,08/05/2020 12:15:00,ADP Employment Change,HIGH,USD
a07e3270-5924-46a9-a438-b0e6940dce3c,08/05/2020 14:00:00,ISM Services PMI,HIGH,USD
1464f823-72c9-4515-ba4c-8381840ef372,08/07/2020 12:30:00,Nonfarm Payrolls,HIGH,USD
d46d7aab-5efc-48af-a2b1-4500bd21d158,08/12/2020 12:30:00,Consumer Price Index ex Food & Energy (MoM),HIGH,USD
649be6b8-0239-49a2-b46a-c279fa8f21be,08/12/2020 12:30:00,Consumer Price Index ex Food & Energy (YoY),HIGH,USD
c5724e62-4115-4366-9395-4059a7d4f024,08/13/2020 06:00:00,Harmonized Index of Consumer Prices (YoY),HIGH,EUR
86ec540d-284d-4ab2-b945-2e2fa5bed80a,08/14/2020 09:00:00,Gross Domestic Product s.a. (QoQ),HIGH,EUR
5f52c144-8a1e-464d-8940-658a69d6b1d8,08/14/2020 09:00:00,Gross Domestic Product s.a. (YoY),HIGH,EUR
acb1c4b0-1fcd-4e9b-82f8-908851dc2885,08/19/2020 18:00:00,FOMC Minutes,HIGH,USD
29f8b9e0-4afc-429d-999b-35d6e609ffef,08/21/2020 07:30:00,HCOB Composite PMI,HIGH,EUR
9eb8ca3d-3bf0-45c0-bbd6-9000381289d4,08/21/2020 07:30:00,HCOB Manufacturing PMI,HIGH,EUR
bd30af2f-3981-47db-98b8-ed8e3e324396,08/21/2020 08:00:00,HCOB Composite PMI,HIGH,EUR
88a3009b-a62c-4b17-a2ed-e0d43a81057e,08/26/2020 12:30:00,Durable Goods Orders,HIGH,USD
9e95303f-d8e1-4a8b-94d7-5ca42323049f,08/26/2020 12:30:00,Nondefense Capital Goods Orders ex Aircraft,HIGH,USD
6d9af91a-fd64-47e4-83be-2f71d7810f5b,08/27/2020 00:00:00,Jackson Hole Symposium,HIGH,USD
66c15cd1-3a75-4e5b-b9e0-9c7860e31265,08/27/2020 12:30:00,Gross Domestic Product Annualized,HIGH,USD
1c7e3a47-4ecc-493e-ab19-4add6055f1bf,08/27/2020 13:10:00,Fed's Chair Powell speech,HIGH,USD
4d4e5a1e-3608-4d93-949d-43ff47e0c13f,08/28/2020 00:00:00,Jackson Hole Symposium,HIGH,USD
15174621-76b8-4504-bc88-fe34ae6efafb,08/31/2020 12:00:00,Harmonized Index of Consumer Prices (YoY),HIGH,EUR
105fcef2-be05-4340-8bf7-7e933f3240ab,09/01/2020 09:00:00,Core Harmonized Index of Consumer Prices (YoY),HIGH,EUR
b41cd3c6-1474-4f87-b892-d42c09b0437e,09/01/2020 09:00:00,Harmonized Index of Consumer Prices (YoY),HIGH,EUR
6ca31d36-15bf-41bc-ad68-02531b4cedf1,09/01/2020 14:00:00,ISM Manufacturing PMI,HIGH,USD
87ea2c4e-8847-46cf-87f2-a50180bd1e27,09/02/2020 12:15:00,ADP Employment Change,HIGH,USD
9500a481-2789-46fa-a5ca-3277bc481563,09/03/2020 14:00:00,ISM Services PMI,HIGH,USD
680dbd33-9962-423e-a80f-81095de06390,09/04/2020 12:30:00,Nonfarm Payrolls,HIGH,USD
3e18093f-c447-4b19-bda6-9d8ac5718005,09/08/2020 09:00:00,Gross Domestic Product s.a. (QoQ),HIGH,EUR
a640f306-f36f-40bf-9569-8e52fe5ee958,09/08/2020 09:00:00,Gross Domestic Product s.a. (YoY),HIGH,EUR
5c5e4198-c470-4879-8802-d367322b1a13,09/10/2020 11:45:00,ECB Main Refinancing Operations Rate,HIGH,EUR
1957589e-389a-4fb5-80c0-88e337ba65fc,09/10/2020 11:45:00,ECB Rate On Deposit Facility,HIGH,EUR
9197ecee-a827-4fa7-aa23-70bc0e90295e,09/10/2020 12:30:00,ECB Press Conference,HIGH,EUR
257e71a1-7e34-43f0-ba3a-d18676b664e0,09/10/2020 17:00:00,ECB's President Lagarde speech,HIGH,EUR
769ec453-8509-4474-a79e-40a5d65cb5fe,09/11/2020 06:00:00,Harmonized Index of Consumer Prices (YoY),HIGH,EUR
29c93388-5755-4d8a-bdcc-cda117539e7f,09/11/2020 12:30:00,Consumer Price Index ex Food & Energy (MoM),HIGH,USD
55e9a21c-85a9-408f-9ab3-e077aa4e1673,09/11/2020 12:30:00,Consumer Price Index ex Food & Energy (YoY),HIGH,USD
39e14190-ef34-4267-9b11-821fdc48cdec,09/16/2020 18:00:00,Fed Interest Rate Decision,HIGH,USD
46022b49-60dd-447b-bbb7-d77d2a421631,09/16/2020 18:00:00,Fed Monetary Policy Statement,HIGH,USD
1e666912-60d0-4f4c-8c7f-7312964011a6,09/16/2020 18:00:00,FOMC Economic Projections,HIGH,USD
65987fa2-3f94-40d3-8e82-b4788c7097e1,09/16/2020 18:00:00,Interest Rate Projections - 1st year,HIGH,USD
e5dd931a-966b-495d-9e89-8b451f9f2f3e,09/16/2020 18:00:00,Interest Rate Projections - 2nd year,HIGH,USD
4fe59f16-42d4-4709-ac8c-ef771500032a,09/16/2020 18:00:00,Interest Rate Projections - 3rd year,HIGH,USD
6601966e-2065-41e5-a10e-4b990089c2bf,09/16/2020 18:00:00,Interest Rate Projections - Current,HIGH,USD
2ad06d84-1ac8-4ecb-ad20-d8909f8ae6ec,09/16/2020 18:00:00,Interest Rate Projections - Longer,HIGH,USD
8571d06e-89b3-4a5d-9f30-6b5167d7d7d2,09/16/2020 18:30:00,FOMC Press Conference,HIGH,USD
085952db-0eff-453b-8762-3d17c5a89ab4,09/21/2020 12:25:00,ECB's President Lagarde speech,HIGH,EUR
cf1b651a-93a0-405d-a9f4-63441045c9b5,09/21/2020 14:00:00,Fed's Chair Powell speech,HIGH,USD
28f54bbe-757b-4fbc-ab47-89b3facaf5ed,09/22/2020 14:30:00,Fed's Chair Powell testifies,HIGH,USD
93a0ab86-c959-4580-9de4-7bcf45fddcc1,09/23/2020 07:30:00,HCOB Composite PMI,HIGH,EUR
f55ef8a1-7faf-4232-ac43-56dd0020cddd,09/23/2020 07:30:00,HCOB Manufacturing PMI,HIGH,EUR
7210e443-179c-46c8-b805-7e3dc9fbd145,09/23/2020 08:00:00,HCOB Composite PMI,HIGH,EUR
abfc9a69-29c4-4e69-bc1d-164f9adf011a,09/23/2020 14:00:00,Fed's Chair Powell testifies,HIGH,USD
ab80b449-a442-469a-8c67-a364fe50a313,09/24/2020 14:00:00,Fed's Chair Powell testifies,HIGH,USD
df5be007-c846-472e-9654-1a760fada4b6,09/25/2020 12:30:00,Durable Goods Orders,HIGH,USD
e5e4645b-1083-47b9-8d7d-8596f3d17011,09/25/2020 12:30:00,Nondefense Capital Goods Orders ex Aircraft,HIGH,USD
9e07c181-5dc0-4d0f-b3fc-8fdca430f91e,09/28/2020 13:45:00,ECB's President Lagarde speech,HIGH,EUR
c054e269-ebe2-4b96-856f-5d7e44814111,09/29/2020 12:00:00,Harmonized Index of Consumer Prices (YoY),HIGH,EUR
9f7c4561-1d05-4f21-bac0-f5179cb59dd0,09/30/2020 07:20:00,ECB's President Lagarde speech,HIGH,EUR
ad135575-babb-466c-a6c2-fb7f324a4829,09/30/2020 12:15:00,ADP Employment Change,HIGH,USD
df41bcc3-6395-4954-ac6a-912ee9207785,09/30/2020 12:30:00,Gross Domestic Product Annualized,HIGH,USD
328f7c09-1fe4-4e1f-a2a2-9526981d356e,10/01/2020 14:00:00,ISM Manufacturing PMI,HIGH,USD
0b4ee6a1-0c24-40ce-b22d-1ca6a3d55822,10/02/2020 09:00:00,Core Harmonized Index of Consumer Prices (YoY),HIGH,EUR
77f120aa-f26f-4837-a424-e5c1ca94d364,10/02/2020 09:00:00,Harmonized Index of Consumer Prices (YoY),HIGH,EUR
44511324-d8f0-443e-b1c4-85eb5acd5154,10/02/2020 12:30:00,Nonfarm Payrolls,HIGH,USD
6074280d-78f0-4a0f-84eb-352a31a49352,10/05/2020 14:00:00,ISM Services PMI,HIGH,USD
aa579aa0-b7b3-4f3d-a102-f6b831c5f521,10/06/2020 13:00:00,ECB's President Lagarde speech,HIGH,EUR
e35c5a99-65b4-4dd6-ab49-f043228c302b,10/06/2020 14:40:00,Fed's Chair Powell speech,HIGH,USD
89890753-337f-4318-b4cd-cbfe7dcafd73,10/07/2020 12:10:00,ECB's President Lagarde speech,HIGH,EUR
4223eb1a-a83d-408b-8b07-22676e33af10,10/07/2020 18:00:00,FOMC Minutes,HIGH,USD
7938b4a8-7004-4e49-8e87-9c53fbb55157,10/12/2020 11:00:00,ECB's President Lagarde speech,HIGH,EUR
abef83b7-1117-43b7-b439-e781ddeed890,10/13/2020 06:00:00,Harmonized Index of Consumer Prices (YoY),HIGH,EUR
0f072013-c926-492d-bdac-a53bc10790b1,10/13/2020 12:30:00,Consumer Price Index ex Food & Energy (MoM),HIGH,USD
ccea4d4a-3cb8-4511-a880-12bb5fc2b765,10/13/2020 12:30:00,Consumer Price Index ex Food & Energy (YoY),HIGH,USD
afc3d548-8a3c-4388-807a-bf7c0cd81f79,10/14/2020 08:00:00,ECB's President Lagarde speech,HIGH,EUR
e61d54ca-d271-484a-8fde-ff38c1b04847,10/15/2020 16:00:00,ECB's President Lagarde speech,HIGH,EUR
7514eeeb-325c-4dbb-a0b0-c5e6f7cbedad,10/18/2020 13:05:00,ECB's President Lagarde speech,HIGH,EUR
25d58ad0-8e4c-4c14-bac5-b722a120aa0e,10/19/2020 12:00:00,Fed's Chair Powell speech,HIGH,USD
b325823c-afc5-42a2-9630-ac227f40af75,10/19/2020 12:40:00,ECB's President Lagarde speech,HIGH,EUR
85f0e305-65e3-43a1-8483-51fbb5833ee2,10/19/2020 12:45:00,ECB's President Lagarde speech,HIGH,EUR
57962c17-a18d-4a94-87ca-a7c9b3892b8b,10/21/2020 07:30:00,ECB's President Lagarde speech,HIGH,EUR
d48c6869-373b-4992-8c2b-cd37cc690531,10/23/2020 07:30:00,HCOB Composite PMI,HIGH,EUR
8345d153-52fd-4964-805e-dcd2a342525c,10/23/2020 07:30:00,HCOB Manufacturing PMI,HIGH,EUR
a4b99513-3514-4c14-af8f-2c68f1eb5b24,10/23/2020 08:00:00,HCOB Composite PMI,HIGH,EUR
afaa7539-076b-4a6a-aba2-0bbbc673cb36,10/27/2020 09:00:00,ECB Bank Lending Survey,HIGH,EUR
ffccc455-de4f-40d0-ba72-72e03da40a97,10/27/2020 12:30:00,Durable Goods Orders,HIGH,USD
a946e72a-5971-4fdb-9866-5d5bc0aa78c7,10/27/2020 12:30:00,Nondefense Capital Goods Orders ex Aircraft,HIGH,USD
337be351-e078-41b4-a348-99ce4dda91ba,10/29/2020 12:30:00,Gross Domestic Product Annualized,HIGH,USD
df465557-04c8-48c8-834f-b46ea7784e73,10/29/2020 12:45:00,ECB Main Refinancing Operations Rate,HIGH,EUR
c89df6f4-dcdd-49e7-a3b3-63b38954b0c6,10/29/2020 12:45:00,ECB Rate On Deposit Facility,HIGH,EUR
c46b9d56-f8f1-4bfc-8743-a6503549eef9,10/29/2020 13:00:00,Harmonized Index of Consumer Prices (YoY),HIGH,EUR
57811d87-b0f6-4b3e-9176-b1c9be5bc03f,10/29/2020 13:30:00,ECB Press Conference,HIGH,EUR
0eb819cc-60b9-4d09-afe5-a4ad05bb9b13,10/30/2020 09:00:00,Gross Domestic Product (QoQ),HIGH,EUR
ff0a932c-5ef6-48aa-97c0-e46a0233dbae,10/30/2020 10:00:00,Core Harmonized Index of Consumer Prices (YoY),HIGH,EUR
c58b575c-2c6a-4b29-8b69-7fa8ffbf52d1,10/30/2020 10:00:00,Gross Domestic Product s.a. (QoQ),HIGH,EUR
9b72a1b5-fe15-48be-a47e-300728480a76,10/30/2020 10:00:00,Gross Domestic Product s.a. (YoY),HIGH,EUR
4bec4038-cca4-423a-9aea-287fcc2eef95,10/30/2020 10:00:00,Harmonized Index of Consumer Prices (YoY),HIGH,EUR
d56f5e77-e8a4-4093-a8b7-9339bb6b069f,11/02/2020 15:00:00,ISM Manufacturing PMI,HIGH,USD
6f20d859-3fc8-4205-9862-4d27bc2ce5d2,11/04/2020 13:15:00,ADP Employment Change,HIGH,USD
5aa47434-2c95-4c20-8b77-5c84577f15cf,11/04/2020 15:00:00,ISM Services PMI,HIGH,USD
50ffc838-d034-4aa9-a593-5e67a8ca9d05,11/05/2020 19:00:00,Fed Interest Rate Decision,HIGH,USD
ad589723-decb-4ab4-9ae7-40a53ef7f33c,11/05/2020 19:00:00,Fed Monetary Policy Statement,HIGH,USD
b09b6f3c-b03e-4976-980d-79e8a5d4a405,11/05/2020 19:30:00,FOMC Press Conference,HIGH,USD
2dadf485-497a-4df2-8383-558fb25fc774,11/06/2020 13:30:00,Nonfarm Payrolls,HIGH,USD
af25c97c-3d72-41c5-9a7a-e7cf030b087d,11/09/2020 09:25:00,ECB's President Lagarde speech,HIGH,EUR
d2420479-87cb-4850-a02a-c44aace8dca0,11/11/2020 13:00:00,ECB's President Lagarde speech,HIGH,EUR
d47f5403-67b2-47bb-afc8-f88bc5fa7ffb,11/12/2020 07:00:00,Harmonized Index of Consumer Prices (YoY),HIGH,EUR
5a09d344-f50c-4d3a-a7aa-5c24c4c07e26,11/12/2020 13:30:00,Consumer Price Index ex Food & Energy (MoM),HIGH,USD
16df09d9-5676-4bc6-9d8d-49bb4081f241,11/12/2020 13:30:00,Consumer Price Index ex Food & Energy (YoY),HIGH,USD
0521b2b0-819f-42ad-8e88-ac1d45b3d32e,11/12/2020 16:45:00,ECB's President Lagarde speech,HIGH,EUR
cc38d57f-abb7-4eac-96c8-ba29f9224e57,11/12/2020 16:45:00,Fed's Chair Powell speech,HIGH,USD
30901d32-aa16-4da1-b182-380d85843875,11/13/2020 10:00:00,Gross Domestic Product s.a. (QoQ),HIGH,EUR
74efa5f2-6826-440b-b8dc-6d8ac7516c79,11/13/2020 10:00:00,Gross Domestic Product s.a. (YoY),HIGH,EUR
21093bce-b01c-4e9e-9e9f-69439a0bb4a8,11/16/2020 13:00:00,ECB's President Lagarde speech,HIGH,EUR
89db9c33-f16a-4748-b6da-ded0cc100f9f,11/17/2020 16:00:00,ECB's President Lagarde speech,HIGH,EUR
246fc17e-07d2-4b92-b5f6-b178c11fea8f,11/17/2020 18:00:00,Fed's Chair Powell speech,HIGH,USD
4a20ff6b-7462-499f-9bea-7d91b5b374c0,11/19/2020 08:00:00,ECB's President Lagarde speech,HIGH,EUR
a8b49fdd-ab49-42d0-91ea-af347011ff0d,11/19/2020 15:15:00,ECB's President Lagarde speech,HIGH,EUR
f72b5712-0852-4f37-80c6-006ea978b0eb,11/20/2020 08:35:00,ECB's President Lagarde speech,HIGH,EUR
cff01c56-d22f-49ac-b102-afda6ae9d88d,11/23/2020 08:30:00,HCOB Composite PMI,HIGH,EUR
f67ad352-6cfa-454e-96a0-d4315870afde,11/23/2020 08:30:00,HCOB Manufacturing PMI,HIGH,EUR
fc429a58-1a71-4a26-8413-eadcf57b0568,11/23/2020 09:00:00,HCOB Composite PMI,HIGH,EUR
9e6593ca-5bab-4a6f-9bb7-636f29a13fb4,11/24/2020 14:00:00,ECB's President Lagarde speech,HIGH,EUR
5bd278c7-8160-420a-b013-d535410142f7,11/25/2020 13:30:00,Durable Goods Orders,HIGH,USD
5a8b60e0-4169-4ef7-9460-f90988863ae4,11/25/2020 13:30:00,Gross Domestic Product Annualized,HIGH,USD
6ae94c3a-3d97-4c75-b0de-4234a864a68c,11/25/2020 13:30:00,Nondefense Capital Goods Orders ex Aircraft,HIGH,USD
f41904c8-dd65-4ecf-b63d-05a7bc1615e0,11/25/2020 19:00:00,FOMC Minutes,HIGH,USD
b55dabcb-619e-4dc4-abbb-303b8563bab0,11/30/2020 10:30:00,ECB's President Lagarde speech,HIGH,EUR
bd08ebff-530d-42bb-9508-5cd47b977507,11/30/2020 13:00:00,Harmonized Index of Consumer Prices (YoY),HIGH,EUR
4da6d0c7-03c2-4751-80ef-3bcfc2478ed1,12/01/2020 10:00:00,Core Harmonized Index of Consumer Prices (YoY),HIGH,EUR
8bbf2834-afa1-4093-aca1-a98d6745606b,12/01/2020 10:00:00,Harmonized Index of Consumer Prices (YoY),HIGH,EUR
73c65171-0055-44f0-b028-e972735c9c6d,12/01/2020 15:00:00,Fed's Chair Powell testifies,HIGH,USD
55d7fa83-824f-49bb-bad9-bd98b2797cb0,12/01/2020 15:00:00,ISM Manufacturing PMI,HIGH,USD
69d8f14c-2c66-49af-a982-cf43b96800e2,12/01/2020 17:00:00,ECB's President Lagarde speech,HIGH,EUR
a6e73b38-2019-4a8c-b658-cb425bd5cd92,12/02/2020 13:15:00,ADP Employment Change,HIGH,USD
9ff3da80-dac5-48d0-a279-16a7079d8a4c,12/03/2020 15:00:00,ISM Services PMI,HIGH,USD
4c609949-0598-4248-95c5-24730c519639,12/04/2020 13:30:00,Nonfarm Payrolls,HIGH,USD
2ccf01a2-2077-4ee8-a7bb-587ba08f1e7a,12/08/2020 10:00:00,Gross Domestic Product s.a. (QoQ),HIGH,EUR
866eb956-9ceb-47b2-b36d-af15190f0fe2,12/08/2020 10:00:00,Gross Domestic Product s.a. (YoY),HIGH,EUR
ef343285-8d92-43f1-9228-9edc18df218b,12/10/2020 12:45:00,ECB Main Refinancing Operations Rate,HIGH,EUR
5ed85b3e-7b8b-4f03-8a9c-6dfa2d85dc5b,12/10/2020 12:45:00,ECB Rate On Deposit Facility,HIGH,EUR
4510a3c0-8957-43cd-9628-cfc8e57b1db6,12/10/2020 13:30:00,ECB Press Conference,HIGH,EUR
a3d5f261-dba4-4a04-a65d-dc650a2a6634,12/10/2020 13:30:00,Consumer Price Index ex Food & Energy (MoM),HIGH,USD
77a5bcc7-4ee7-4973-8183-4c5fbca25d1f,12/10/2020 13:30:00,Consumer Price Index ex Food & Energy (YoY),HIGH,USD
5a4a04dd-0306-4d4a-bb8d-8e2511f8d216,12/11/2020 07:00:00,Harmonized Index of Consumer Prices (YoY),HIGH,EUR
1b345033-0ef5-4798-b3bf-6191903e34fe,12/16/2020 08:30:00,HCOB Composite PMI,HIGH,EUR
10bff0e0-7f21-4ccb-bc58-1db4fd4312ea,12/16/2020 08:30:00,HCOB Manufacturing PMI,HIGH,EUR
034271bd-556b-4552-bbe4-72ceedb55d3a,12/16/2020 09:00:00,HCOB Composite PMI,HIGH,EUR
001393b9-786e-49b0-aa3e-d9d42ef44103,12/16/2020 19:00:00,Fed Interest Rate Decision,HIGH,USD
bc9d8865-ac1c-4133-bbb3-ed9235374aaa,12/16/2020 19:00:00,Fed Monetary Policy Statement,HIGH,USD
95236d78-786d-4f22-8745-ed1e963f6ddb,12/16/2020 19:00:00,FOMC Economic Projections,HIGH,USD
ddc3ff10-8fcc-45b8-af22-8b76483d768d,12/16/2020 19:00:00,Interest Rate Projections - 1st year,HIGH,USD
b31e0389-4499-455e-8345-2fde735a19c0,12/16/2020 19:00:00,Interest Rate Projections - 2nd year,HIGH,USD
6e036086-4038-468b-a7f4-cbac5f547acc,12/16/2020 19:00:00,Interest Rate Projections - 3rd year,HIGH,USD
22717773-ca99-47ae-8bc9-0d1a86ade4dc,12/16/2020 19:00:00,Interest Rate Projections - Current,HIGH,USD
d36436e5-b115-4606-b1f3-6ef057e56c43,12/16/2020 19:00:00,Interest Rate Projections - Longer,HIGH,USD
3ec58721-f6f2-4a0e-8e95-66502088d953,12/16/2020 19:30:00,FOMC Press Conference,HIGH,USD
18811123-7707-46fc-98ba-095d66287f9c,12/18/2020 21:30:00,Bank Stress Test Results,HIGH,USD
c36693b0-c08f-4773-b9a2-0cbd3a8f680c,12/22/2020 13:30:00,Gross Domestic Product Annualized,HIGH,USD
6828f181-fe95-4bc8-8001-495d0aaa4e70,12/23/2020 13:30:00,Durable Goods Orders,HIGH,USD
08f70c0e-2c55-4c02-8a89-fb7349ba4e26,12/23/2020 13:30:00,Nondefense Capital Goods Orders ex Aircraft,HIGH,USD
fbb9ea54-cec7-4a15-a34a-624cc31a32c7,01/05/2021 15:00:00,ISM Manufacturing PMI,HIGH,USD
a70a9777-8d71-4ef9-b9c2-912482dbcefc,01/06/2021 13:00:00,Harmonized Index of Consumer Prices (YoY),HIGH,EUR
41288b41-734c-4e0d-9e18-f01750aff676,01/06/2021 13:15:00,ADP Employment Change,HIGH,USD
d272c39c-16e2-4998-abdd-2e323cfbca97,01/06/2021 19:00:00,FOMC Minutes,HIGH,USD
3ec10355-0716-435a-a9f9-9b8979c0b7c3,01/07/2021 10:00:00,Core Harmonized Index of Consumer Prices (YoY),HIGH,EUR
270badc1-5e77-4d59-bdee-3563e9ef731b,01/07/2021 10:00:00,Harmonized Index of Consumer Prices (YoY),HIGH,EUR
40aac81b-2bda-44b5-90c4-6e6702f8d266,01/07/2021 15:00:00,ISM Services PMI,HIGH,USD
18da530b-ead2-48e2-91b6-1c1c1a886a93,01/08/2021 13:30:00,Nonfarm Payrolls,HIGH,USD
36e9b2b6-7fde-4d55-be72-8850dd155811,01/11/2021 14:40:00,ECB's President Lagarde speech,HIGH,EUR
abc31f00-0697-4733-8e88-d40251ebbc62,01/13/2021 09:00:00,ECB's President Lagarde speech,HIGH,EUR
7e550b56-cfbc-4f04-b616-33991c10e16f,01/13/2021 13:30:00,Consumer Price Index ex Food & Energy (MoM),HIGH,USD
c0da0a1d-9999-4330-a593-d4ef49a6a348,01/13/2021 13:30:00,Consumer Price Index ex Food & Energy (YoY),HIGH,USD
30f145f5-eaab-4a51-b430-714d43532d91,01/14/2021 17:30:00,Fed's Chair Powell speech,HIGH,USD
caefc13b-758c-41cd-844d-360e2bc66597,01/19/2021 07:00:00,Harmonized Index of Consumer Prices (YoY),HIGH,EUR
027ee008-6a6c-4f2c-89b2-92d33f0071c1,01/19/2021 09:00:00,ECB Bank Lending Survey,HIGH,EUR
8fc1086f-14ea-4d6a-a8f1-937ee53ac8a1,01/21/2021 12:45:00,ECB Main Refinancing Operations Rate,HIGH,EUR
878c826d-52bd-4e09-822f-3c503c75c382,01/21/2021 12:45:00,ECB Rate On Deposit Facility,HIGH,EUR
eb77ffcc-a9f8-4ce9-99b2-78634caf9def,01/21/2021 13:30:00,ECB Press Conference,HIGH,EUR
890505c3-b2d2-4ac0-9c42-59c2252aa045,01/22/2021 08:30:00,HCOB Composite PMI,HIGH,EUR
26e5099c-582c-4827-a65e-7cf41cc6ae26,01/22/2021 08:30:00,HCOB Manufacturing PMI,HIGH,EUR
937dec5a-3971-44bd-a85d-9f3d41e19321,01/22/2021 09:00:00,HCOB Composite PMI,HIGH,EUR
1fb388b2-2b44-4cef-b0d2-b0e949542872,01/25/2021 08:45:00,ECB's President Lagarde speech,HIGH,EUR
13de2ca9-31c4-4f7f-b2b4-2d6d5cfd0c3d,01/25/2021 16:15:00,ECB's President Lagarde speech,HIGH,EUR
923b778b-327f-4403-8f04-6c49a8cc6c13,01/27/2021 13:30:00,Durable Goods Orders,HIGH,USD
23ecda14-74cd-48db-824f-269515045476,01/27/2021 13:30:00,Nondefense Capital Goods Orders ex Aircraft,HIGH,USD
a2dcd67d-1086-4987-8e04-67837a160158,01/27/2021 19:00:00,Fed Interest Rate Decision,HIGH,USD
b2cd5b3c-98bf-45bd-90cf-18ebb31a823b,01/27/2021 19:00:00,Fed Monetary Policy Statement,HIGH,USD
9231f84b-43d4-429e-8d7d-85d57419d0e4,01/27/2021 19:30:00,FOMC Press Conference,HIGH,USD
9c97f831-96aa-49af-9e2f-4f83014db780,01/28/2021 13:00:00,Harmonized Index of Consumer Prices (YoY),HIGH,EUR
8091db1b-8547-4325-a4e2-e53343427e73,01/28/2021 13:30:00,Gross Domestic Product Annualized,HIGH,USD
dd9f4b26-1ff4-4f18-bfa5-b945695517ab,01/29/2021 09:00:00,Gross Domestic Product (QoQ),HIGH,EUR
95b8a617-ccf4-4e16-86ba-c1a55bfde268,02/01/2021 15:00:00,ISM Manufacturing PMI,HIGH,USD
dcbaddb9-24d1-4f7e-860c-8db942568d93,02/02/2021 10:00:00,Gross Domestic Product s.a. (QoQ),HIGH,EUR
9e018868-08e9-4b29-aa19-bdeda74da26a,02/02/2021 10:00:00,Gross Domestic Product s.a. (YoY),HIGH,EUR
7e02994f-e9f6-4b63-8ceb-5fc7e1493626,02/03/2021 10:00:00,Core Harmonized Index of Consumer Prices (YoY),HIGH,EUR
d597faac-108c-4ea7-89e8-1315022fcc03,02/03/2021 10:00:00,Harmonized Index of Consumer Prices (YoY),HIGH,EUR
e1e6d32d-c6c0-4611-9a44-e20ab57a8718,02/03/2021 13:15:00,ADP Employment Change,HIGH,USD
11624e6f-cc12-4d39-bdaf-bbbb82cd994d,02/03/2021 15:00:00,ISM Services PMI,HIGH,USD
3502afc3-5d7d-4ee6-b8d0-4459ffd6fcc0,02/05/2021 13:30:00,Nonfarm Payrolls,HIGH,USD
472b160e-452c-4db1-8906-cfe3754d3d27,02/10/2021 07:00:00,Harmonized Index of Consumer Prices (YoY),HIGH,EUR
7c36a242-cb20-461d-8dcf-87c8eed2becb,02/10/2021 13:30:00,Consumer Price Index ex Food & Energy (MoM),HIGH,USD
386a9a3b-60bc-4a29-bed7-f0186fee9362,02/10/2021 13:30:00,Consumer Price Index ex Food & Energy (YoY),HIGH,USD
419bf7af-9d3e-49bf-a7e6-34d22606b0d3,02/10/2021 19:00:00,Fed's Chair Powell speech,HIGH,USD
2e3e8ec3-e305-45f4-a6e8-403d707e81a6,02/16/2021 10:00:00,Gross Domestic Product s.a. (QoQ),HIGH,EUR
b9ad01a4-aa41-4e9a-a23e-9d8c0360e409,02/16/2021 10:00:00,Gross Domestic Product s.a. (YoY),HIGH,EUR
27842666-8646-476a-8655-13e24fb5986b,02/17/2021 19:00:00,FOMC Minutes,HIGH,USD
09605a88-cc5b-425e-aec9-587b32e6a6a8,02/18/2021 12:30:00,ECB Monetary Policy Meeting Accounts,HIGH,EUR
06bdda08-58f2-4f83-86a7-3a3f21bf5f04,02/19/2021 08:30:00,HCOB Composite PMI,HIGH,EUR
7aa80d10-9288-4554-8272-bc770a50ca68,02/19/2021 08:30:00,HCOB Manufacturing PMI,HIGH,EUR
7aed608b-252a-410b-8c9e-6fbd973724c1,02/19/2021 09:00:00,HCOB Composite PMI,HIGH,EUR
0ec2ef09-3732-4b83-b73c-83028a1bacef,02/22/2021 14:30:00,ECB's President Lagarde speech,HIGH,EUR
401fa42f-992c-4981-9a35-f6ab73720386,02/23/2021 15:00:00,Fed's Chair Powell testifies,HIGH,USD
f2ecc970-338d-4bd3-a768-8f453260128c,02/24/2021 15:00:00,Fed's Chair Powell testifies,HIGH,USD
50223e2a-a56f-4a89-a0fa-32916ebd0cd4,02/25/2021 13:30:00,Durable Goods Orders,HIGH,USD
65775494-e435-4e7d-a440-f9479ae8c88a,02/25/2021 13:30:00,Gross Domestic Product Annualized,HIGH,USD
a98f0c13-c712-4ef9-bb98-fd9343fae065,02/25/2021 13:30:00,Nondefense Capital Goods Orders ex Aircraft,HIGH,USD
6962ab89-0be4-4cc9-9b89-9ebe8e129ebd,03/01/2021 13:00:00,Harmonized Index of Consumer Prices (YoY),HIGH,EUR
1d79ec09-623c-4a84-9739-b6d54a9d7bde,03/01/2021 15:00:00,ISM Manufacturing PMI,HIGH,USD
a784e8fe-931e-4d74-afff-2de285d382ea,03/01/2021 16:10:00,ECB's President Lagarde speech,HIGH,EUR
9a1e5389-94b2-4d1a-bacc-374c23034c1e,03/02/2021 10:00:00,Core Harmonized Index of Consumer Prices (YoY),HIGH,EUR
a6c70bcf-44cc-4b3d-9caf-beb54fa13301,03/02/2021 10:00:00,Harmonized Index of Consumer Prices (YoY),HIGH,EUR
eaadc5e8-2db7-481d-8372-9b1961a33334,03/03/2021 13:15:00,ADP Employment Change,HIGH,USD
4e3e3ce1-ef99-456d-9536-3c2f1a59223d,03/03/2021 15:00:00,ISM Services PMI,HIGH,USD
272ce22a-4506-467a-9ed2-b604e6087e15,03/04/2021 17:05:00,Fed's Chair Powell speech,HIGH,USD
2d12f351-a8c6-4754-b278-134f36901392,03/05/2021 13:30:00,Nonfarm Payrolls,HIGH,USD
9d36d70c-c517-482d-acbf-1f988ba0afd0,03/09/2021 10:00:00,Gross Domestic Product s.a. (QoQ),HIGH,EUR
b66db36b-38cc-4c03-ab9d-57c491d82a5c,03/09/2021 10:00:00,Gross Domestic Product s.a. (YoY),HIGH,EUR
d4ad27b5-5dcd-40b8-80ae-14b645247a6a,03/10/2021 13:30:00,Consumer Price Index ex Food & Energy (MoM),HIGH,USD
6665a47d-0f5d-48fe-b452-77c0158db142,03/10/2021 13:30:00,Consumer Price Index ex Food & Energy (YoY),HIGH,USD
a9af4756-2e9a-4592-a524-75923136bc97,03/11/2021 12:45:00,ECB Main Refinancing Operations Rate,HIGH,EUR
617379be-b906-48f3-b3f0-5d4f6cb64c24,03/11/2021 12:45:00,ECB Rate On Deposit Facility,HIGH,EUR
bd70866e-d8d1-4cbc-bf71-e203048b054c,03/11/2021 13:30:00,ECB Press Conference,HIGH,EUR
d0781bd5-acd6-4bc6-9c15-c239a785d854,03/12/2021 07:00:00,Harmonized Index of Consumer Prices (YoY),HIGH,EUR
42085bb4-6501-424d-b9d7-2210ef491d78,03/17/2021 18:00:00,Fed Interest Rate Decision,HIGH,USD
6b4b4a3e-4fc9-4de2-b550-f7ed79f201ea,03/17/2021 18:00:00,Fed Monetary Policy Statement,HIGH,USD
00947380-eec7-4757-a9a6-fff5b466e750,03/17/2021 18:00:00,FOMC Economic Projections,HIGH,USD
0b9a2e61-99b5-485f-a304-3c99e1090e37,03/17/2021 18:00:00,Interest Rate Projections - 1st year,HIGH,USD
d04ade31-2db7-4aa4-be13-084a5409e9eb,03/17/2021 18:00:00,Interest Rate Projections - 2nd year,HIGH,USD
eef401af-c1f3-479c-b7bc-1a759f567bda,03/17/2021 18:00:00,Interest Rate Projections - Longer,HIGH,USD
b9dcaba6-2cbd-423d-92c2-6fdfeade82b1,03/17/2021 18:30:00,FOMC Press Conference,HIGH,USD
19067962-19b2-4efe-8fae-0b87025e6c38,03/17/2021 19:00:00,Interest Rate Projections - Current,HIGH,USD
78759f2b-62b6-4a4a-a515-8c5f07d3a9dd,03/18/2021 08:00:00,ECB's President Lagarde speech,HIGH,EUR
8ff9f161-4aa2-4626-8c34-c03c0a43e319,03/18/2021 11:00:00,ECB's President Lagarde speech,HIGH,EUR
9c534c95-8736-40ac-b8a2-e9d73dc7b0b0,03/18/2021 15:55:00,Fed's Chair Powell speech,HIGH,USD
8d83712a-0e4c-4053-91f2-9587a9b9d105,03/22/2021 13:00:00,Fed's Chair Powell speech,HIGH,USD
2d0ccd53-3eba-4298-a76d-7decc9b8aa30,03/23/2021 16:00:00,Fed's Chair Powell testifies,HIGH,USD
d4e71856-3990-42b3-8b14-210b6cf563f8,03/24/2021 08:30:00,HCOB Composite PMI,HIGH,EUR
f703a39a-c7ea-4eb5-a4af-900b892e8fe8,03/24/2021 08:30:00,HCOB Manufacturing PMI,HIGH,EUR
04d769d9-e642-498b-8fd3-02a94ef9bd3f,03/24/2021 09:00:00,HCOB Composite PMI,HIGH,EUR
1d792715-7020-48c8-96ef-ed8909603b01,03/24/2021 12:30:00,Durable Goods Orders,HIGH,USD
d8ab4fec-6c38-42c7-a0dc-663885136c1f,03/24/2021 12:30:00,Nondefense Capital Goods Orders ex Aircraft,HIGH,USD
3ae2a3d3-f1e5-4cae-8f03-bce5647a83b0,03/24/2021 14:00:00,Fed's Chair Powell testifies,HIGH,USD
0b744945-b870-4f41-b9f5-34a6f296db13,03/24/2021 15:40:00,ECB's President Lagarde speech,HIGH,EUR
41bd2b1a-6a0c-47fb-ac38-03d4a756e6c2,03/25/2021 09:30:00,ECB's President Lagarde speech,HIGH,EUR
2e6b7412-80d2-447c-85a5-cb1ca887bc85,03/25/2021 12:30:00,Gross Domestic Product Annualized,HIGH,USD
ef407c74-ec62-4dd2-bfe0-b2e2c04daa6b,03/30/2021 12:00:00,Harmonized Index of Consumer Prices (YoY),HIGH,EUR
0b8bb96a-3416-42ab-90b5-5aeb3aae4039,03/31/2021 09:00:00,Core Harmonized Index of Consumer Prices (YoY),HIGH,EUR
33aca5f0-6607-4eae-982a-11bab0ed40aa,03/31/2021 09:00:00,Harmonized Index of Consumer Prices (YoY),HIGH,EUR
7053c2be-35c5-4d42-adbb-00da137f14bd,03/31/2021 12:15:00,ADP Employment Change,HIGH,USD
c12a5a7f-cee3-428f-a9db-f984067c33ec,04/01/2021 14:00:00,ISM Manufacturing PMI,HIGH,USD
2d88555e-c6a7-45f9-9dbd-7a7474006d75,04/02/2021 12:30:00,Nonfarm Payrolls,HIGH,USD
0ea1192b-90b2-476f-9e2a-7d7c4640d0fe,04/05/2021 14:00:00,ISM Services PMI,HIGH,USD
01e99d60-08bf-4ed2-9dde-ab8e38793d47,04/07/2021 18:00:00,FOMC Minutes,HIGH,USD
a71d2f7f-1631-45a3-aeb2-7c8b6d2133cf,04/08/2021 16:00:00,Fed's Chair Powell speech,HIGH,USD
a994b9ff-92b8-4071-b1be-3c4fc098c956,04/13/2021 12:30:00,Consumer Price Index ex Food & Energy (MoM),HIGH,USD
8788620c-b61e-4292-aa10-4ba0d00f65de,04/13/2021 12:30:00,Consumer Price Index ex Food & Energy (YoY),HIGH,USD
c1f54a09-d47e-45ff-b1e4-d4c2944a28fa,04/14/2021 14:00:00,ECB's President Lagarde speech,HIGH,EUR
446866f9-99cb-405c-9ee8-7259d642ed57,04/14/2021 16:00:00,Fed's Chair Powell speech,HIGH,USD
68ce6faa-1520-4e33-a3c7-bc839f76cb51,04/15/2021 06:00:00,Harmonized Index of Consumer Prices (YoY),HIGH,EUR
d5b6fdaf-95d6-4bf0-9298-5b78d4e0d784,04/20/2021 08:00:00,ECB Bank Lending Survey,HIGH,EUR
a5d732c2-5ae5-4ab9-a256-64da06d4cb8e,04/22/2021 11:45:00,ECB Main Refinancing Operations Rate,HIGH,EUR
fc88b776-93f5-44ba-b3ad-0bcbbe2da71f,04/22/2021 11:45:00,ECB Rate On Deposit Facility,HIGH,EUR
9b409dc0-f778-4242-877f-297f96fb687c,04/22/2021 12:30:00,ECB Press Conference,HIGH,EUR
015efd35-4c01-4e5a-be63-ec4547c48833,04/23/2021 07:30:00,HCOB Composite PMI,HIGH,EUR
edd55ce7-ea0d-49e4-8ecd-0f8b149ab9e6,04/23/2021 07:30:00,HCOB Manufacturing PMI,HIGH,EUR
0dc2480b-882b-41d0-9efc-78415f807e6f,04/23/2021 08:00:00,HCOB Composite PMI,HIGH,EUR
aab6adf9-551a-46f0-8219-14a75366e1b3,04/23/2021 14:30:00,ECB's President Lagarde speech,HIGH,EUR
a79a32a9-9f02-4a0f-b0c3-cc02e8b38b1a,04/26/2021 12:30:00,Durable Goods Orders,HIGH,USD
4eda0831-c346-475e-8779-4ba7369ff657,04/26/2021 12:30:00,Nondefense Capital Goods Orders ex Aircraft,HIGH,USD
121f4725-e20a-4734-acda-50dea0918ff1,04/28/2021 14:00:00,ECB's President Lagarde speech,HIGH,EUR
ebf1ae34-9b37-4d25-96bc-76a0150ecb9c,04/28/2021 18:00:00,Fed Interest Rate Decision,HIGH,USD
04deb65c-efa8-42bb-a4c9-f0a523509b05,04/28/2021 18:00:00,Fed Monetary Policy Statement,HIGH,USD
a80305b1-b8dd-4f37-bd6f-2abbf217264e,04/28/2021 18:30:00,FOMC Press Conference,HIGH,USD
370ccdc4-8c79-4124-b9dd-2778535201a0,04/29/2021 12:00:00,Harmonized Index of Consumer Prices (YoY),HIGH,EUR
d0dd159b-c0b8-4a4b-9c45-b924f543aa9a,04/29/2021 12:30:00,Gross Domestic Product Annualized,HIGH,USD
5b13d207-1660-4fe0-8e4b-abcd3d1c3e51,04/30/2021 08:00:00,Gross Domestic Product (QoQ),HIGH,EUR
31f6966a-0ee3-4b64-a73b-3d93a64bbb7c,04/30/2021 09:00:00,Core Harmonized Index of Consumer Prices (YoY),HIGH,EUR
0f22aa11-d1a4-4e19-a6c8-ca68a028dac8,04/30/2021 09:00:00,Gross Domestic Product s.a. (QoQ),HIGH,EUR
d25f8a2b-1afd-4758-8f96-c1e148cba390,04/30/2021 09:00:00,Gross Domestic Product s.a. (YoY),HIGH,EUR
a5e4c306-a787-4cac-8ad2-73ad9e99a616,04/30/2021 09:00:00,Harmonized Index of Consumer Prices (YoY),HIGH,EUR
877554a6-1324-4458-9f3e-3f3bc92b4d94,05/03/2021 14:00:00,ISM Manufacturing PMI,HIGH,USD
8a2ac97e-5a1f-4f93-b827-f1929dd3ec37,05/03/2021 18:20:00,Fed's Chair Powell speech,HIGH,USD
b1f6a071-df70-4d0d-b1ec-b3fdecc8e63e,05/05/2021 12:15:00,ADP Employment Change,HIGH,USD
6fcdd79b-d6ab-420f-91ec-ad9c456fb335,05/05/2021 14:00:00,ISM Services PMI,HIGH,USD
d850470b-a304-475a-826d-a73eb9a2c3e2,05/06/2021 11:25:00,ECB's President Lagarde speech,HIGH,EUR
8770ec16-9eb8-41e0-b4f0-6c107e711d73,05/07/2021 10:00:00,ECB's President Lagarde speech,HIGH,EUR
f32a0a33-a4b5-497e-8ea8-2a85ca8e1e9b,05/07/2021 12:30:00,Nonfarm Payrolls,HIGH,USD
671f13d7-4e36-4586-a6d2-f62a2a5b747b,05/12/2021 06:00:00,Harmonized Index of Consumer Prices (YoY),HIGH,EUR
d462f2da-e49d-4894-8f2f-de7e704f7f0a,05/12/2021 12:30:00,Consumer Price Index ex Food & Energy (MoM),HIGH,USD
ed001dfb-8a1b-4395-8383-36070075ece9,05/12/2021 12:30:00,Consumer Price Index ex Food & Energy (YoY),HIGH,USD
9fca3f62-c523-4924-89a3-87250ae8bfe8,05/18/2021 09:00:00,Gross Domestic Product s.a. (QoQ),HIGH,EUR
2dd916a6-e69d-49b1-ac8f-8b9b4a848fe6,05/18/2021 09:00:00,Gross Domestic Product s.a. (YoY),HIGH,EUR
0f5f97c8-c8cf-433f-8672-cb9e4f3b5d05,05/18/2021 14:00:00,ECB's President Lagarde speech,HIGH,EUR
aa667405-b835-4efc-8a6a-187b100be593,05/19/2021 18:00:00,FOMC Minutes,HIGH,USD
a3fe3b8f-df39-4a54-9f06-e07c4f5d8aba,05/20/2021 12:00:00,ECB's President Lagarde speech,HIGH,EUR
9438c972-0df3-4220-a1a9-28a16e3dbb47,05/21/2021 07:30:00,HCOB Composite PMI,HIGH,EUR
46b5ddc1-bdd6-41e6-80c5-00d83a775ecb,05/21/2021 07:30:00,HCOB Manufacturing PMI,HIGH,EUR
d10dc291-8b18-4d84-88cc-45a428d999d6,05/21/2021 08:00:00,HCOB Composite PMI,HIGH,EUR
c1a058e6-6f39-426e-9a49-46939f406fe0,05/21/2021 11:00:00,ECB's President Lagarde speech,HIGH,EUR
ecc46243-8baf-4715-aae3-4ac889b5b5fc,05/27/2021 12:30:00,Durable Goods Orders,HIGH,USD
23397803-2293-49df-8123-242c30a9c5e8,05/27/2021 12:30:00,Gross Domestic Product Annualized,HIGH,USD
e8d009d2-5f30-4ee1-9877-a0b740e0876b,05/27/2021 12:30:00,Nondefense Capital Goods Orders ex Aircraft,HIGH,USD
15afd348-1c22-49a4-8fd6-af65a90936e6,05/31/2021 12:00:00,Harmonized Index of Consumer Prices (YoY),HIGH,EUR
4dd34add-9e99-49cb-9421-5dcf7f38cc19,06/01/2021 09:00:00,Core Harmonized Index of Consumer Prices (YoY),HIGH,EUR
396df4a3-fb38-4ce5-b3e8-766e33e83147,06/01/2021 09:00:00,Harmonized Index of Consumer Prices (YoY),HIGH,EUR
07a71783-784d-4eba-b881-a711a7590144,06/01/2021 14:00:00,ISM Manufacturing PMI,HIGH,USD
81c76b2b-84db-4f32-a1ba-98ba7ed2e479,06/02/2021 17:10:00,ECB's President Lagarde speech,HIGH,EUR
94e8a7aa-8e43-4db8-9c24-299c33801307,06/03/2021 12:15:00,ADP Employment Change,HIGH,USD
8c08a1d9-da42-4877-9741-f86dd74c8c0c,06/03/2021 14:00:00,ISM Services PMI,HIGH,USD
6b030d5e-fd4a-4b9a-ab7c-9ec0dbb265bc,06/04/2021 11:00:00,Fed's Chair Powell speech,HIGH,USD
9dcc30d9-4b0a-4539-afd2-b40004f5337e,06/04/2021 12:30:00,Nonfarm Payrolls,HIGH,USD
c2564397-0670-4008-9b30-45add72527d4,06/08/2021 09:00:00,Gross Domestic Product s.a. (QoQ),HIGH,EUR
03db0b2c-bbc8-49ae-b036-feb26f96a1ee,06/08/2021 09:00:00,Gross Domestic Product s.a. (YoY),HIGH,EUR
529d53cb-41aa-4228-8393-10a32891e44a,06/10/2021 11:45:00,ECB Main Refinancing Operations Rate,HIGH,EUR
44beef54-3aac-4e18-a005-dcd2d08b0f2d,06/10/2021 11:45:00,ECB Rate On Deposit Facility,HIGH,EUR
7a329a40-511f-4e41-92c4-39dcf9bf4301,06/10/2021 12:30:00,ECB Press Conference,HIGH,EUR
509f0477-3702-468d-8e51-21aa3d344561,06/10/2021 12:30:00,Consumer Price Index ex Food & Energy (MoM),HIGH,USD
5c3644c3-8a75-4139-a60e-ea0960bf47b4,06/10/2021 12:30:00,Consumer Price Index ex Food & Energy (YoY),HIGH,USD
b28c8f70-19cf-4f03-bd89-07f7edeb8405,06/15/2021 06:00:00,Harmonized Index of Consumer Prices (YoY),HIGH,EUR
b8ca7e48-3385-4605-bcb6-4565845db8d9,06/16/2021 18:00:00,Fed Interest Rate Decision,HIGH,USD
7bf469a2-ce1b-419b-a03e-edb4f15445ea,06/16/2021 18:00:00,Fed Monetary Policy Statement,HIGH,USD
344c70b7-b444-441e-b6f9-a4c2cf2b579c,06/16/2021 18:00:00,FOMC Economic Projections,HIGH,USD
9e997fbf-4a92-4e5d-9861-6b3b143859fd,06/16/2021 18:00:00,Interest Rate Projections - 1st year,HIGH,USD
11215bfa-eaf7-49e8-8611-514fd2fcfb03,06/16/2021 18:00:00,Interest Rate Projections - 2nd year,HIGH,USD
0f36f263-21e7-471f-aeff-1abe94dfbdc6,06/16/2021 18:00:00,Interest Rate Projections - Current,HIGH,USD
23fd6fbd-e786-4d33-aee8-fb4db2a2ee4e,06/16/2021 18:00:00,Interest Rate Projections - Longer,HIGH,USD
40c801d8-20ff-49ca-9a2d-87e6cecc3a03,06/16/2021 18:30:00,FOMC Press Conference,HIGH,USD
8391d3a7-92d0-4470-adb5-cc706082853c,06/21/2021 12:30:00,ECB's President Lagarde speech,HIGH,EUR
d1c506b3-09bc-4aa6-a613-5c641ae4d829,06/21/2021 14:15:00,ECB's President Lagarde speech,HIGH,EUR
7fac07cb-4287-4195-b08c-13b21d4eeeca,06/22/2021 18:00:00,Fed's Chair Powell testifies,HIGH,USD
37b9a869-a07e-4a79-8fef-65ce740a8039,06/23/2021 07:30:00,HCOB Composite PMI,HIGH,EUR
b9b3e3d1-63f4-4ab9-b493-1864096466d2,06/23/2021 07:30:00,HCOB Manufacturing PMI,HIGH,EUR
6b279956-de6b-46d2-ba2d-3ac61c928aab,06/23/2021 08:00:00,HCOB Composite PMI,HIGH,EUR
169ca571-1957-4571-ab04-beea341e71a6,06/23/2021 18:00:00,ECB's President Lagarde speech,HIGH,EUR
10e7122d-482c-4040-ab98-cbbe9179cf15,06/24/2021 12:30:00,Durable Goods Orders,HIGH,USD
67283e4f-42bd-4e79-be6d-1d9464d99f3e,06/24/2021 12:30:00,Gross Domestic Product Annualized,HIGH,USD
a7b4252e-dd30-4b77-a273-af966b119668,06/24/2021 12:30:00,Nondefense Capital Goods Orders ex Aircraft,HIGH,USD
2b432123-e010-421f-b172-ed991469cb4e,06/24/2021 20:30:00,Bank Stress Test Results,HIGH,USD
1306bbb1-6b46-4d70-a866-73d0af99b705,06/29/2021 12:00:00,Harmonized Index of Consumer Prices (YoY),HIGH,EUR
e3765c5d-ab2b-401a-855e-69b9715f979c,06/29/2021 13:40:00,ECB's President Lagarde speech,HIGH,EUR
e78db29f-35df-46b9-a80e-fb2c808b92b7,06/30/2021 09:00:00,Core Harmonized Index of Consumer Prices (YoY),HIGH,EUR
f9bc5fa3-caf7-4c59-a9b5-5b81a3e25b08,06/30/2021 09:00:00,Harmonized Index of Consumer Prices (YoY),HIGH,EUR
223f7d6f-52ed-4b3f-8952-fce88be2cdbb,06/30/2021 12:15:00,ADP Employment Change,HIGH,USD
1a9612f8-86aa-4af0-a520-cb2916e34d10,07/01/2021 07:00:00,ECB's President Lagarde speech,HIGH,EUR
a888cb91-e725-430a-8e48-ad5c49e6f39f,07/01/2021 14:00:00,ISM Manufacturing PMI,HIGH,USD
225d8b3c-22f1-4412-88c4-5214f7a1e88b,07/02/2021 12:30:00,ECB's President Lagarde speech,HIGH,EUR
023b28d5-535c-4acf-a247-5b8ad2508982,07/02/2021 12:30:00,Nonfarm Payrolls,HIGH,USD
dbad3b93-8eac-4a5b-94dc-1e4f3ce71b66,07/06/2021 14:00:00,ISM Services PMI,HIGH,USD
9eeb3ad1-4d50-4d88-94c4-522eb402c4e9,07/07/2021 18:00:00,FOMC Minutes,HIGH,USD
60b3cb95-aac5-4538-9997-266a9cd79da0,07/08/2021 11:00:00,ECB Special Strategy Meeting,HIGH,EUR
cb9d11f6-498e-4c09-8da2-5c87b862428d,07/08/2021 12:30:00,ECB's President Lagarde speech,HIGH,EUR
022ee048-32f6-4368-abaf-8a9f54b9cedf,07/09/2021 10:00:00,ECB's President Lagarde speech,HIGH,EUR
69b031a3-e97b-4839-a766-5c9f431f231f,07/11/2021 12:10:00,ECB's President Lagarde speech,HIGH,EUR
ae2c278d-2d0d-4fd7-b05d-8138bbd7d323,07/13/2021 06:00:00,Harmonized Index of Consumer Prices (YoY),HIGH,EUR
1fd45e13-13d9-486a-a016-25f7b09ce884,07/13/2021 12:30:00,Consumer Price Index ex Food & Energy (MoM),HIGH,USD
bcde1b1f-08e4-4a93-8d5d-dcff6602b3de,07/13/2021 12:30:00,Consumer Price Index ex Food & Energy (YoY),HIGH,USD
8407b7f6-1999-432a-a313-a6981b7f593e,07/14/2021 16:00:00,Fed's Chair Powell testifies,HIGH,USD
eb976e3e-4118-49f0-841e-3ee16fb4721b,07/15/2021 13:30:00,Fed's Chair Powell testifies,HIGH,USD
9d686c18-2608-41bc-9486-ac052f9d7ecf,07/20/2021 08:00:00,ECB Bank Lending Survey,HIGH,EUR
ee65154d-1264-4945-b121-9a345bbbe3ef,07/22/2021 11:45:00,ECB Main Refinancing Operations Rate,HIGH,EUR
2bdc73e4-b19f-48c3-850c-1375b8b281a5,07/22/2021 11:45:00,ECB Monetary Policy Statement,HIGH,EUR
cdeb9e89-4fbc-4bfc-b451-31f339e2a7bd,07/22/2021 11:45:00,ECB Rate On Deposit Facility,HIGH,EUR
aa67d2b4-2585-4a48-a380-4ebecb39f4e6,07/22/2021 12:30:00,ECB Press Conference,HIGH,EUR
1b15ddbd-5b34-448e-909a-4c45db1754c9,07/23/2021 07:30:00,HCOB Composite PMI,HIGH,EUR
a08bb2ae-3a96-4d86-8341-8103dde72c29,07/23/2021 07:30:00,HCOB Manufacturing PMI,HIGH,EUR
ccf90faa-98be-4898-81b0-00a5cbf2992b,07/23/2021 08:00:00,HCOB Composite PMI,HIGH,EUR
29bb06fb-c823-42da-9669-2ee686064863,07/27/2021 12:30:00,Durable Goods Orders,HIGH,USD
cbdf27cd-05f1-4f8c-a20e-0238669e4f01,07/27/2021 12:30:00,Nondefense Capital Goods Orders ex Aircraft,HIGH,USD
28a811e8-e82b-42a3-b49a-7d4d173c4e12,07/28/2021 18:00:00,Fed Interest Rate Decision,HIGH,USD
1ff1d6e2-5522-4888-9314-daed4cddb2b3,07/28/2021 18:00:00,Fed Monetary Policy Statement,HIGH,USD
55f85015-a7d4-4e30-a4ba-1fed226b8431,07/28/2021 18:30:00,FOMC Press Conference,HIGH,USD
2b47580a-57b7-47d4-b18d-11e007d3388e,07/29/2021 12:00:00,Harmonized Index of Consumer Prices (YoY),HIGH,EUR
4f2a3bc6-5760-476e-8893-4ce552ab756f,07/29/2021 12:30:00,Gross Domestic Product Annualized,HIGH,USD
c760fb09-dd8e-475e-9734-fa62cc80f7b9,07/30/2021 08:00:00,Gross Domestic Product (QoQ),HIGH,EUR
1900e9a6-d0ac-499e-9033-f34105410fa3,07/30/2021 09:00:00,Core Harmonized Index of Consumer Prices (YoY),HIGH,EUR
6a29a1c1-ebaa-4a5f-b040-837c990cf589,07/30/2021 09:00:00,Gross Domestic Product s.a. (QoQ),HIGH,EUR
09bc4ef1-14db-47ac-9bfa-140ae0619cc6,07/30/2021 09:00:00,Gross Domestic Product s.a. (YoY),HIGH,EUR
7991e783-1108-415f-9e9c-52bf98db6ea3,07/30/2021 09:00:00,Harmonized Index of Consumer Prices (YoY),HIGH,EUR
4c20e83d-1669-48c8-8473-11f81c4bb426,07/30/2021 14:00:00,ECB's President Lagarde speech,HIGH,EUR
009017df-1b44-4d36-b13f-e8af58a905a2,08/02/2021 14:00:00,ISM Manufacturing PMI,HIGH,USD
2ceb156d-8e20-473a-ac39-49886c9f73d7,08/04/2021 12:15:00,ADP Employment Change,HIGH,USD
2307d9ec-ba56-46c6-858e-ceb6dc05c5e0,08/04/2021 14:00:00,ISM Services PMI,HIGH,USD
1433671f-9385-4207-936e-5710a668db80,08/06/2021 12:30:00,Nonfarm Payrolls,HIGH,USD
34091fa5-b7aa-403e-a35c-0a5479c7fcd2,08/11/2021 06:00:00,Harmonized Index of Consumer Prices (YoY),HIGH,EUR
8adbe14e-275f-480b-b732-66f6ac72423e,08/11/2021 12:30:00,Consumer Price Index ex Food & Energy (MoM),HIGH,USD
cf7b2014-2ac2-442b-b5e4-5a28c69777e9,08/11/2021 12:30:00,Consumer Price Index ex Food & Energy (YoY),HIGH,USD
50d94755-125c-4b24-8390-d826fff8ed68,08/17/2021 09:00:00,Gross Domestic Product s.a. (QoQ),HIGH,EUR
f0bb18cd-6ce4-4a93-8f59-e6029af0cb26,08/17/2021 09:00:00,Gross Domestic Product s.a. (YoY),HIGH,EUR
c558875d-1787-4026-8679-45e65904fc67,08/17/2021 17:30:00,Fed's Chair Powell speech,HIGH,USD
d9a0162a-7b97-454a-8d31-9c778f68bfe3,08/18/2021 18:00:00,FOMC Minutes,HIGH,USD
c1403de2-203a-4510-bbb7-b7ea1739613a,08/23/2021 07:30:00,HCOB Composite PMI,HIGH,EUR
5857d388-73f9-41d9-87ce-3b600dbadf80,08/23/2021 07:30:00,HCOB Manufacturing PMI,HIGH,EUR
421fcf01-b3e6-4bbf-97ba-d45a4630e334,08/23/2021 08:00:00,HCOB Composite PMI,HIGH,EUR
30989b33-aafa-4cb7-9b2d-65798d4126ce,08/25/2021 08:30:00,ECB's De Guindos speech,HIGH,EUR
98abe255-9d0c-422f-adc8-f643437ce006,08/25/2021 12:30:00,Durable Goods Orders,HIGH,USD
91712b09-ea99-4004-9d21-9d28d9b20134,08/25/2021 12:30:00,Nondefense Capital Goods Orders ex Aircraft,HIGH,USD
2b923804-3021-4c53-8be4-b459b919d3f6,08/26/2021 12:30:00,Gross Domestic Product Annualized,HIGH,USD
9b1806d0-71b7-4b2c-8f4f-a34d34fb901b,08/26/2021 14:00:00,Jackson Hole Symposium,HIGH,USD
001a9638-6077-47cd-b1b3-ef5b93264f4f,08/27/2021 14:00:00,Fed's Chair Powell speech,HIGH,USD
8c00d8ae-716f-4df0-a1e5-e84711b298db,08/27/2021 14:00:00,Jackson Hole Symposium,HIGH,USD
e4d22e13-4e05-4c49-9b46-bb451dccef04,08/28/2021 14:00:00,Jackson Hole Symposium,HIGH,USD
8b540e28-ce34-4c45-b6f8-6dae17f3ca2b,08/30/2021 12:05:00,Harmonized Index of Consumer Prices (YoY),HIGH,EUR
21733343-b341-4190-8c24-4408e41468fc,08/31/2021 09:00:00,Core Harmonized Index of Consumer Prices (YoY),HIGH,EUR
481d735b-e4e6-48a4-adc7-93f7c9eee32b,08/31/2021 09:00:00,Harmonized Index of Consumer Prices (YoY),HIGH,EUR
34815289-32f0-4ac6-ae29-a0423ed46f60,09/01/2021 12:15:00,ADP Employment Change,HIGH,USD
7366276f-a7bb-4b19-a31b-6afde3f44d35,09/01/2021 14:00:00,ISM Manufacturing PMI,HIGH,USD
3d086563-617a-40de-9eaf-6a02804870d9,09/03/2021 12:30:00,Nonfarm Payrolls,HIGH,USD
04df5032-e00c-4ebb-afe0-82a439840c1e,09/03/2021 14:00:00,ISM Services PMI,HIGH,USD
ba5bcb92-008b-4499-bf3d-3113139381dc,09/07/2021 09:00:00,Gross Domestic Product s.a. (QoQ),HIGH,EUR
187a7846-4b98-4dbc-8842-f19620fa6d10,09/07/2021 09:00:00,Gross Domestic Product s.a. (YoY),HIGH,EUR
365a12ba-b6fc-4f81-bd6e-f3d25b149c7e,09/09/2021 11:45:00,ECB Main Refinancing Operations Rate,HIGH,EUR
85376d07-03f2-42bd-a6f5-d648d9a32bc1,09/09/2021 11:45:00,ECB Monetary Policy Statement,HIGH,EUR
e43bfb38-670f-445b-809c-9c71cbf6a72e,09/09/2021 11:45:00,ECB Rate On Deposit Facility,HIGH,EUR
e4eccab8-37c3-4048-b384-bb26845c9d05,09/09/2021 12:30:00,ECB Press Conference,HIGH,EUR
46944188-80fc-4a78-8bb1-1a0ef9c6c21a,09/10/2021 06:00:00,Harmonized Index of Consumer Prices (YoY),HIGH,EUR
cbbb3205-f4c0-46fc-9b43-fbbcced4a282,09/10/2021 09:30:00,ECB's President Lagarde speech,HIGH,EUR
ee773926-1925-49c8-93cf-8dfb215651c7,09/13/2021 13:30:00,ECB's President Lagarde speech,HIGH,EUR
c1f74a19-11a6-4c61-bdb9-e971aa0f88e7,09/14/2021 12:30:00,Consumer Price Index ex Food & Energy (MoM),HIGH,USD
b2688757-82c5-4241-bba6-fa8f0a5702c9,09/14/2021 12:30:00,Consumer Price Index ex Food & Energy (YoY),HIGH,USD
1bc1f80c-e49c-4a8c-bee3-5e617f5ac0ff,09/16/2021 12:00:00,ECB's President Lagarde speech,HIGH,EUR
26cd7477-3146-4215-9a5e-ffc7dda73137,09/22/2021 18:00:00,Fed Interest Rate Decision,HIGH,USD
ed04e779-9ff9-47b0-bd30-f536267833bb,09/22/2021 18:00:00,Fed Monetary Policy Statement,HIGH,USD
4f62a899-f62c-4b87-ad2a-4cf1d5b5e7ef,09/22/2021 18:00:00,FOMC Economic Projections,HIGH,USD
d4bb2c9b-5eb8-4e4d-9c21-f0200f3db00c,09/22/2021 18:00:00,Interest Rate Projections - 1st year,HIGH,USD
818287fe-147c-4bcd-8211-0d8546094529,09/22/2021 18:00:00,Interest Rate Projections - 2nd year,HIGH,USD
007b8841-7b1e-4f89-9d07-fbcfc131a2fa,09/22/2021 18:00:00,Interest Rate Projections - 3rd year,HIGH,USD
a07f2be3-f7c8-48f4-af02-195fd12c4dd2,09/22/2021 18:00:00,Interest Rate Projections - Current,HIGH,USD
347b3683-5ede-4ac2-bdda-400a7dbf82b8,09/22/2021 18:00:00,Interest Rate Projections - Longer,HIGH,USD
bc5e8a0e-a7cf-4b36-91be-e8f11726224e,09/22/2021 18:30:00,FOMC Press Conference,HIGH,USD
23103219-de01-4782-8333-bfabb2575e80,09/23/2021 07:30:00,HCOB Composite PMI,HIGH,EUR
b6b3b30b-18a1-4763-ab5b-a4dd890b87de,09/23/2021 07:30:00,HCOB Manufacturing PMI,HIGH,EUR
dddeed0f-2ab3-488e-ae49-b348b42e234d,09/23/2021 08:00:00,HCOB Composite PMI,HIGH,EUR
4fa949ea-dd05-4915-8580-b39cf60bccfc,09/24/2021 14:00:00,Fed's Chair Powell speech,HIGH,USD
be7feb57-36cd-455c-aea7-3bd3c078787c,09/27/2021 11:45:00,ECB's President Lagarde speech,HIGH,EUR
57dd85ce-0ec8-422b-9b71-7f0bb0d64081,09/27/2021 12:30:00,Durable Goods Orders,HIGH,USD
30e63a43-6af6-4fe9-99d6-7567d6f9d5fc,09/27/2021 12:30:00,Nondefense Capital Goods Orders ex Aircraft,HIGH,USD
6266d1b9-1e90-4e0c-94fc-b05fb456be2d,09/28/2021 12:00:00,ECB's President Lagarde speech,HIGH,EUR
a1b6f5e5-0ac9-4a26-ac1c-fa9bb115c3f8,09/28/2021 14:00:00,Fed's Chair Powell testifies,HIGH,USD
e717746c-0272-441b-9cb5-8d6ea93409a9,09/29/2021 15:45:00,ECB's President Lagarde speech,HIGH,EUR
41ee32f8-700d-4c8a-afa9-6fbeadb77819,09/29/2021 15:45:00,Fed's Chair Powell speech,HIGH,USD
ec8a3856-ea65-483a-a3e5-30c8b979905b,09/29/2021 16:30:00,ECB's President Lagarde speech,HIGH,EUR
6c8a88d8-8814-4760-bc16-fd2a69d4c8f7,09/30/2021 12:00:00,Harmonized Index of Consumer Prices (YoY),HIGH,EUR
b60357ef-c2ba-45c3-a92d-427904b208bb,09/30/2021 12:30:00,Gross Domestic Product Annualized,HIGH,USD
9196f06c-a698-426b-a4af-46e2a3883603,09/30/2021 14:00:00,Fed's Chair Powell testifies,HIGH,USD
6ca35e51-dae2-4936-aee0-a2920e297ddd,10/01/2021 09:00:00,Core Harmonized Index of Consumer Prices (YoY),HIGH,EUR
5980218f-7466-4e39-9b01-42a1c38565db,10/01/2021 09:00:00,Harmonized Index of Consumer Prices (YoY),HIGH,EUR
fe9650d7-f8ef-49a6-baee-dbe6e600c8a6,10/01/2021 14:00:00,ISM Manufacturing PMI,HIGH,USD
c103a7bd-e790-4894-9c7b-3467aa67b460,10/05/2021 14:00:00,ISM Services PMI,HIGH,USD
e4a03138-869e-405c-8bf9-d4ec9a694242,10/05/2021 15:00:00,ECB's President Lagarde speech,HIGH,EUR
c26eb1f2-e8e6-431a-90d9-d464a46d088f,10/06/2021 12:15:00,ADP Employment Change,HIGH,USD
3e8ba547-f13a-4a47-bc71-75c5123e07c2,10/08/2021 12:10:00,ECB's President Lagarde speech,HIGH,EUR
90030de2-840c-459f-bf40-a3b89bbe2e9d,10/08/2021 12:30:00,Nonfarm Payrolls,HIGH,USD
7f725749-61a8-4dc0-9501-ab625548b7bc,10/13/2021 06:00:00,Harmonized Index of Consumer Prices (YoY),HIGH,EUR
56ece8f2-527c-4f12-85a1-5e71c8824c3e,10/13/2021 12:30:00,Consumer Price Index ex Food & Energy (MoM),HIGH,USD
110504ea-0c2c-480c-a4d3-d43ad1e6b9b8,10/13/2021 12:30:00,Consumer Price Index ex Food & Energy (YoY),HIGH,USD
3c2d4191-0199-4442-9da2-8231fc3b62e2,10/13/2021 18:00:00,FOMC Minutes,HIGH,USD
ff575cb7-917a-48ca-93b4-55286e3235a5,10/16/2021 14:00:00,ECB's President Lagarde speech,HIGH,EUR
78918766-b886-4b6f-97c8-d98d9f0e8200,10/22/2021 07:30:00,HCOB Composite PMI,HIGH,EUR
5e7f1c91-c6ed-46e4-9ec6-bad7a0d22b2a,10/22/2021 07:30:00,HCOB Manufacturing PMI,HIGH,EUR
37f62454-6840-4240-ae84-c32d46b7b516,10/22/2021 08:00:00,HCOB Composite PMI,HIGH,EUR
cb6ca002-0661-490b-8d14-9ce1cf9036aa,10/22/2021 15:00:00,Fed's Chair Powell speech,HIGH,USD
ebec968b-9e0d-4868-ae8d-e335e2b5e3aa,10/26/2021 08:00:00,ECB Bank Lending Survey,HIGH,EUR
9294493e-38a4-4b56-a196-e33f4beab38d,10/27/2021 12:30:00,Durable Goods Orders,HIGH,USD
2d320128-f119-4ee7-9619-9306ea36dff8,10/27/2021 12:30:00,Nondefense Capital Goods Orders ex Aircraft,HIGH,USD
f8cdac6d-7fb2-46d5-bb9a-52aa1da38086,10/27/2021 15:20:00,ECB's President Lagarde speech,HIGH,EUR
bacb6271-4264-49ba-a7d6-5965c1775d2e,10/28/2021 11:45:00,ECB Main Refinancing Operations Rate,HIGH,EUR
7c899dcc-7bd6-4b5b-8c44-cd234140ddfc,10/28/2021 11:45:00,ECB Monetary Policy Statement,HIGH,EUR
6dc466a4-3802-4fc0-8ed8-60fc037d9795,10/28/2021 11:45:00,ECB Rate On Deposit Facility,HIGH,EUR
8e0f199c-6c22-46be-b0f0-41e80d1a0f77,10/28/2021 12:00:00,Harmonized Index of Consumer Prices (YoY),HIGH,EUR
8232f6b6-34cd-4c98-ab92-e21ce72fb1a8,10/28/2021 12:30:00,ECB Press Conference,HIGH,EUR
b69a2fc2-2e0e-40f3-b3cf-60d3042aee79,10/28/2021 12:30:00,Gross Domestic Product Annualized,HIGH,USD
28908d88-e1f7-4a31-895a-2af92b2ceb97,10/29/2021 08:00:00,Gross Domestic Product (QoQ),HIGH,EUR
a5f8731f-3776-4669-9703-1dc919393449,10/29/2021 09:00:00,Core Harmonized Index of Consumer Prices (YoY),HIGH,EUR
a064bb8e-785c-4d04-8f50-50efe9db485a,10/29/2021 09:00:00,Gross Domestic Product s.a. (QoQ),HIGH,EUR
36a31b32-0968-41e3-ac04-9f7b8222f95f,10/29/2021 09:00:00,Gross Domestic Product s.a. (YoY),HIGH,EUR
9dcbb40a-a539-44bc-8ee3-c095801549de,10/29/2021 09:00:00,Harmonized Index of Consumer Prices (YoY),HIGH,EUR
61ca1386-dbbd-4f9a-85cd-18a631b699a5,11/01/2021 14:00:00,ISM Manufacturing PMI,HIGH,USD
62459697-3161-4e5b-88e9-c1f0f9639f3b,11/03/2021 10:15:00,ECB's President Lagarde speech,HIGH,EUR
2ce9f1d0-d456-4460-8fcb-b0c5be1bd5a4,11/03/2021 12:15:00,ADP Employment Change,HIGH,USD
2c4bf73d-5135-4476-ae95-0b6b0f1b2807,11/03/2021 14:00:00,ISM Services PMI,HIGH,USD
f3153d9c-abbf-4c25-93ab-91fecb39428c,11/03/2021 18:00:00,Fed Interest Rate Decision,HIGH,USD
e11281df-cfc9-4368-b80d-deb061feb5ed,11/03/2021 18:00:00,Fed Monetary Policy Statement,HIGH,USD
ff8a676d-d498-441a-89a3-c934e7730a22,11/03/2021 18:30:00,FOMC Press Conference,HIGH,USD
20d00491-1458-4758-9eb5-87bf03092c5b,11/04/2021 13:00:00,ECB's President Lagarde speech,HIGH,EUR
e906a31b-b619-4104-80ec-b4b3b0ddf953,11/05/2021 12:30:00,Nonfarm Payrolls,HIGH,USD
537d186b-1fc9-4a8d-b0c0-9bd6144f27c2,11/08/2021 15:30:00,Fed's Chair Powell speech,HIGH,USD
9d3619b0-e916-47cb-a352-14c3a6e4f9e1,11/09/2021 13:00:00,ECB's President Lagarde speech,HIGH,EUR
de3630bb-da7f-4747-8eb2-da5aff257cfa,11/09/2021 14:00:00,Fed's Chair Powell speech,HIGH,USD
4b6cda3a-2135-4dce-b9e7-e88465e844d9,11/10/2021 07:00:00,Harmonized Index of Consumer Prices (YoY),HIGH,EUR
1b97f531-e19c-41a3-959f-54a41567fcaa,11/10/2021 13:30:00,Consumer Price Index ex Food & Energy (MoM),HIGH,USD
20455c29-bf3c-4095-a422-666b81f91142,11/10/2021 13:30:00,Consumer Price Index ex Food & Energy (YoY),HIGH,USD
694e9c0c-4cba-4428-8ce8-1e71a32bb499,11/15/2021 10:00:00,ECB's President Lagarde speech,HIGH,EUR
75d120e3-c4b3-4a52-b7cc-f2c2cdc13fe5,11/16/2021 10:00:00,Gross Domestic Product s.a. (QoQ),HIGH,EUR
322813f4-8675-4636-8db2-f243abf31140,11/16/2021 10:00:00,Gross Domestic Product s.a. (YoY),HIGH,EUR
11c8cc6b-05bc-48f2-8f39-ac2329d63f2f,11/16/2021 16:10:00,ECB's President Lagarde speech,HIGH,EUR
180069e6-a383-44e9-b54b-2e236101f09b,11/17/2021 01:20:00,ECB's President Lagarde speech,HIGH,EUR
49670e8f-9dc4-4f5a-99fc-b82641e1b2f2,11/19/2021 08:30:00,ECB's President Lagarde speech,HIGH,EUR
02015016-807d-4080-9130-06a0d92b7ecd,11/19/2021 18:45:00,ECB's President Lagarde speech,HIGH,EUR
14e2f083-5cbd-44ca-b3ad-ab4858852ac5,11/23/2021 08:30:00,HCOB Composite PMI,HIGH,EUR
8ddf4cac-a378-4fc3-9f10-7fa76c03704e,11/23/2021 08:30:00,HCOB Manufacturing PMI,HIGH,EUR
f83f3fa5-1d4d-4a14-9f65-422b1d33b3c0,11/23/2021 09:00:00,HCOB Composite PMI,HIGH,EUR
2bb5c78f-1306-4420-85b4-5c78eb88dc80,11/24/2021 13:30:00,Durable Goods Orders,HIGH,USD
f767380b-30ef-413d-9b20-d8813420a0bf,11/24/2021 13:30:00,Gross Domestic Product Annualized,HIGH,USD
ca082cdd-4f24-4934-affa-d3c14a0dd945,11/24/2021 13:30:00,Nondefense Capital Goods Orders ex Aircraft,HIGH,USD
d9024b53-43ae-4541-82b9-0d566a0857a9,11/24/2021 19:00:00,FOMC Minutes,HIGH,USD
1147cc12-2653-406d-ae53-95c02b454ef6,11/25/2021 13:30:00,ECB's President Lagarde speech,HIGH,EUR
a7deb1ef-6009-476d-80a9-862bd59c2273,11/26/2021 08:00:00,ECB's President Lagarde speech,HIGH,EUR
af2e0e69-28dd-4fd0-9f8a-63addcb652dd,11/29/2021 08:00:00,ECB's President Lagarde speech,HIGH,EUR
d412d6fd-0418-4095-9bfa-6075fc3e9726,11/29/2021 13:00:00,Harmonized Index of Consumer Prices (YoY),HIGH,EUR
541a96fb-aed0-4caa-81cb-7a7b2903a4b3,11/29/2021 20:05:00,Fed's Chair Powell speech,HIGH,USD
ba24dca1-ca06-4f6d-ac7a-26c8b98a8d80,11/30/2021 10:00:00,Core Harmonized Index of Consumer Prices (YoY),HIGH,EUR
5fb56eb1-25b1-41fc-bf42-affb8f214abd,11/30/2021 10:00:00,Harmonized Index of Consumer Prices (YoY),HIGH,EUR
2bd66190-d98d-4e46-b374-d8f0c9efedca,11/30/2021 15:00:00,Fed's Chair Powell speech,HIGH,USD
97214667-7353-4c08-bc57-729d7e026ea0,12/01/2021 13:15:00,ADP Employment Change,HIGH,USD
70017553-3e98-4423-b27b-d33c0d1864e2,12/01/2021 15:00:00,Fed's Chair Powell testifies,HIGH,USD
c6389bdc-82ad-405f-9819-75ce4f534f2d,12/01/2021 15:00:00,ISM Manufacturing PMI,HIGH,USD
a3aea345-31d5-4753-af40-c4e8ce93af15,12/03/2021 08:30:00,ECB's President Lagarde speech,HIGH,EUR
b1f31fa5-a493-4c77-805a-ff0a3dbd368a,12/03/2021 13:30:00,Nonfarm Payrolls,HIGH,USD
2131389e-b4f1-405d-943d-bb5e12481051,12/03/2021 15:00:00,ISM Services PMI,HIGH,USD
c0c4b4eb-6599-4e78-8e90-2f31b42eadf9,12/07/2021 10:00:00,Gross Domestic Product s.a. (QoQ),HIGH,EUR
708095ee-1566-4170-ab38-246892cf53d1,12/07/2021 10:00:00,Gross Domestic Product s.a. (YoY),HIGH,EUR
39ab3304-7ae1-4980-9fee-b5cc5aa28c68,12/10/2021 07:00:00,Harmonized Index of Consumer Prices (YoY),HIGH,EUR
0917907a-b3a2-4952-beae-1befadd478e2,12/10/2021 09:05:00,ECB's President Lagarde speech,HIGH,EUR
87c047bb-a3df-41f0-925b-c98843ddf54f,12/10/2021 13:30:00,Consumer Price Index ex Food & Energy (MoM),HIGH,USD
6109ae81-ffde-47f3-9919-0fe3264ef147,12/10/2021 13:30:00,Consumer Price Index ex Food & Energy (YoY),HIGH,USD
99219305-ccdd-4296-b700-c37ff2680f20,12/15/2021 19:00:00,Fed Interest Rate Decision,HIGH,USD
45e40947-cf5e-4a7a-84a8-24aedfc41ade,12/15/2021 19:00:00,Fed Monetary Policy Statement,HIGH,USD
d3a387fe-007a-4386-b30d-f2f999b2984e,12/15/2021 19:00:00,FOMC Economic Projections,HIGH,USD
d74f8095-214a-4162-9884-ea3a9e7d71c6,12/15/2021 19:00:00,Interest Rate Projections - 1st year,HIGH,USD
14c124a3-46fc-4ad2-ae72-3026818f4c3f,12/15/2021 19:00:00,Interest Rate Projections - 2nd year,HIGH,USD
c765a5df-abd2-43e2-821b-56767244a7f3,12/15/2021 19:00:00,Interest Rate Projections - 3rd year,HIGH,USD
dee2b2ea-0111-4199-8d27-b3465e77e29c,12/15/2021 19:00:00,Interest Rate Projections - Current,HIGH,USD
66b14105-cc6e-4132-ab47-178f9f3b9a55,12/15/2021 19:00:00,Interest Rate Projections - Longer,HIGH,USD
a6d367f1-1b4c-42b3-8eb9-3bc2a98d1afc,12/15/2021 19:30:00,FOMC Press Conference,HIGH,USD
2a271908-f87b-4832-88e8-8e185ee1c631,12/16/2021 08:30:00,HCOB Composite PMI,HIGH,EUR
6459a579-065d-4313-8a6a-8483a7ce6283,12/16/2021 08:30:00,HCOB Manufacturing PMI,HIGH,EUR
f7ecf063-d88b-4702-9811-587b53ed1d24,12/16/2021 09:00:00,HCOB Composite PMI,HIGH,EUR
214513d5-3c2d-44db-84c4-0304a5cbab94,12/16/2021 12:45:00,ECB Main Refinancing Operations Rate,HIGH,EUR
a96dd9af-49b6-41c1-9e4c-716f1d14e4f2,12/16/2021 12:45:00,ECB Monetary Policy Statement,HIGH,EUR
41621ff7-cc7c-4191-85c1-48aa27dddd7a,12/16/2021 12:45:00,ECB Rate On Deposit Facility,HIGH,EUR
cf3b3f68-c3e3-4bc2-af0a-4418c50c8dca,12/16/2021 13:30:00,ECB Press Conference,HIGH,EUR
8a793dba-482f-49ab-8e03-1edcbb6b120e,12/22/2021 13:30:00,Gross Domestic Product Annualized,HIGH,USD
e1deb810-a292-4216-9f5b-7f6ffd6c5aa3,12/23/2021 13:30:00,Durable Goods Orders,HIGH,USD
cf2572e6-8353-4225-8aa7-b34206d0cecf,12/23/2021 13:30:00,Nondefense Capital Goods Orders ex Aircraft,HIGH,USD
